image,iou,jaccard_index,dice,pixel_accuracy,precision,recall,f1_score,mean_iou,background_iou,crack_iou
CFD_001.jpg,0.799445248432031,0.799445248432031,0.888546344078696,0.8731231689451793,0.862051028635111,0.9167219825199369,0.8885463390833004,0.7713690692160551,0.7432928900000793,0.799445248432031
CFD_005.jpg,0.8298859990441145,0.8298859990441145,0.9070357382674393,0.8859252929686149,0.8891462284848386,0.9256598984769225,0.9070357332693507,0.7863347077620808,0.7427834164800472,0.8298859990441145
CFD_018.jpg,0.975061395864537,0.975061395864537,0.9873732511871882,0.9759826660154761,0.9826121666931211,0.992180698416633,0.9873732461872264,0.7905344526248768,0.6060075093852165,0.975061395864537
CFD_069.jpg,0.8060528069488233,0.8060528069488233,0.8926126676335481,0.8712158203123671,0.8681995940792862,0.9184384164220469,0.892612662637388,0.7644795043640136,0.7229062017792038,0.8060528069488233
CFD_072.jpg,0.6233429394809087,0.6233429394809087,0.7679744363569082,0.9002838134764252,0.7699152844018153,0.7660433489157344,0.7679744313566673,0.7519594761730048,0.8805760128651011,0.6233429394809087
CFD_086.jpg,0.9375533899337638,0.9375533899337638,0.9677703797011906,0.9453430175779808,0.9614896393898126,0.9741337149272784,0.967770374701317,0.8164419156861575,0.6953304414385512,0.9375533899337638
CFD_090.jpg,0.9167583487075512,0.9167583487075512,0.9565716505950905,0.9249572753904839,0.9468062790614714,0.9665405617614893,0.9565716455955381,0.742165334557518,0.5675723204074847,0.9167583487075512
CFD_100.jpg,0.9579375625439314,0.9579375625439314,0.9785169669039817,0.9608764648436035,0.9728923692101012,0.984206977919942,0.978516961904067,0.7994923707997263,0.6410471790555214,0.9579375625439314
CFD_111.jpg,0.9198642115007167,0.9198642115007167,0.9582596581470505,0.9286804199217333,0.9486358894564867,0.9680806914344801,0.9582596531474796,0.763281146477131,0.6066980814535453,0.9198642115007167
CFD_112.jpg,0.9324913853098857,0.9324913853098857,0.9650665378364474,0.9393157958982942,0.956621680452598,0.9736618220487463,0.9650665328367524,0.778686741513354,0.6248820977168223,0.9324913853098857
CFD_118.jpg,0.9192032740236912,0.9192032740236912,0.9579009023849178,0.9298095703123581,0.9508694151205642,0.965037157240413,0.9579008973851036,0.7853988043220586,0.6515943346204259,0.9192032740236912
CRACK500_20160222_080933_361_1281.jpg,0.870882609236681,0.870882609236681,0.9309858405194119,0.9208679199217346,0.9225149669011466,0.9396137212235905,0.9309858355197098,0.8505834978963406,0.8302843865560001,0.870882609236681
CRACK500_20160222_081031_1921_721.jpg,0.8632950888936642,0.8632950888936642,0.9266327100193751,0.9358215332029822,0.9309522975006376,0.9223530228840079,0.9266327050193212,0.8776898792767369,0.8920846696598097,0.8632950888936642
CRACK500_20160222_081113_1_1.jpg,0.9929209558253744,0.9929209558253744,0.9964479051946675,0.9930114746092236,0.9968808677703641,0.9960153185417933,0.9964479001945913,0.8197629470459951,0.6466049382666158,0.9929209558253744
CRACK500_20160222_081839_1_721.jpg,0.8498674662145635,0.8498674662145635,0.9188414648468537,0.8945617675779886,0.9093994838767561,0.9284815685155289,0.9188414598472848,0.7941615907907151,0.7384557153668666,0.8498674662145635
CRACK500_20160222_081908_1281_361.jpg,0.7957310514614347,0.7957310514614347,0.886247470982738,0.8695983886717423,0.8752267528982636,0.8975492707123298,0.886247465983413,0.7653488564795567,0.7349666614976788,0.7957310514614347
CRACK500_20160222_082414_1281_721.jpg,0.8706977557306723,0.8706977557306723,0.9308802055953589,0.9097137451170487,0.9277265530406708,0.9340553719199818,0.930880200595308,0.8201963011876214,0.7696948466445704,0.8706977557306723
CRACK500_20160222_114759_1281_1081.jpg,0.8298904475074463,0.8298904475074463,0.907038395263353,0.9357910156248572,0.9096911419325078,0.9044010749368234,0.907038390263195,0.8681969401532936,0.9065034327991409,0.8298904475074463
CRACK500_20160222_114759_1281_361.jpg,0.8531092264724044,0.8531092264724044,0.9207328033182274,0.9125213623045483,0.924401010577494,0.9170935933452,0.9207327983181788,0.8376433229134941,0.8221774193545837,0.8531092264724044
CRACK500_20160222_114759_641_721.jpg,0.8401698563885347,0.8401698563885347,0.9131438094931392,0.9172973632811101,0.9185904049519865,0.9077614222899039,0.9131438044931687,0.846930656362596,0.8536914563366572,0.8401698563885347
CRACK500_20160222_115219_641_1.jpg,0.8608989116783015,0.8608989116783015,0.9252505939743677,0.9188690185545473,0.9309174234063394,0.9196523391646864,0.925250588974423,0.8489728552689775,0.8370467988596534,0.8608989116783015
CRACK500_20160222_115224_1281_1081.jpg,0.779108910890832,0.779108910890832,0.8758417274192821,0.8978729248045505,0.8780406159336167,0.8736538248026077,0.875841722419151,0.8097409612050526,0.840373011519273,0.779108910890832
CRACK500_20160222_115224_1281_361.jpg,0.8574195470796441,0.8574195470796441,0.9232373465948874,0.9123840332029858,0.9312297734625321,0.9153809448065015,0.9232373415951323,0.8361147919232292,0.8148100367668145,0.8574195470796441
CRACK500_20160222_115224_641_721.jpg,0.8276848965710322,0.8276848965710322,0.9057194685187514,0.907211303710799,0.9094277352260697,0.9020413205271912,0.9057194635186941,0.8301443724740216,0.832603848377011,0.8276848965710322
CRACK500_20160222_115233_1921_721.jpg,0.8151307078853296,0.8151307078853296,0.8981509754027315,0.9083862304686114,0.8958107742281755,0.9005034356075582,0.8981509704026133,0.8307151376253253,0.8462995673653211,0.8151307078853296
CRACK500_20160222_115233_1_361.jpg,0.8155377302433704,0.8155377302433704,0.8983979970871204,0.9052581787107994,0.8982657068059887,0.8985303263392692,0.8983979920869735,0.8262538329566811,0.8369699356699917,0.8155377302433704
CRACK500_20160222_115324_641_361.jpg,0.8715230224319076,0.8715230224319076,0.9313516446080659,0.9169769287107976,0.9316455057170075,0.9310579688207127,0.931351639607949,0.8407288497423782,0.8099346770528487,0.8715230224319076
CRACK500_20160222_163930_641_1.jpg,0.8993258894872859,0.8993258894872859,0.9469948200727729,0.9409790039061064,0.9495973836807241,0.9444064831768267,0.9469948150726809,0.8872416169185655,0.875157344349845,0.8993258894872859
CRACK500_20160222_163940_641_1.jpg,0.8365184484386616,0.8365184484386616,0.9109828971768162,0.9340820312498576,0.9164213755644806,0.9056085869962286,0.9109828921768047,0.8685251632950026,0.9005318781513435,0.8365184484386616
CRACK500_20160222_163940_641_1081.jpg,0.8437404928503027,0.8437404928503027,0.9152486438543582,0.9373016357420445,0.9206988131791348,0.9098626204630265,0.9152486388543447,0.8744758428632577,0.9052111928762129,0.8437404928503027
CRACK500_20160222_164822_1281_721.jpg,0.8714206771825401,0.8714206771825401,0.931293201798412,0.9218902587889218,0.9322065778157427,0.9303816138805197,0.9312931967982919,0.8527255446346456,0.8340304120867509,0.8714206771825401
CRACK500_20160222_164825_641_721.jpg,0.8689741386043522,0.8689741386043522,0.9298942351907069,0.9232330322264216,0.9294927152684266,0.9302961021577734,0.9298942301905784,0.8562930997652094,0.8436120609260667,0.8689741386043522
CRACK500_20160222_164936_641_1.jpg,0.8584946006626595,0.8584946006626595,0.9238602042282578,0.9192199707029848,0.9227189151916448,0.9250043200273819,0.9238601992281327,0.8500384907076477,0.8415823807526359,0.8584946006626595
CRACK500_20160222_165031_641_361.jpg,0.8780260038788215,0.8780260038788215,0.9350520195837242,0.9222717285154843,0.9337424562651999,0.9363652613567233,0.9350520145836149,0.850780764436237,0.8235355249936525,0.8780260038788215
CRACK500_20160222_165037_1281_721.jpg,0.9022015241318668,0.9022015241318668,0.9485866904071761,0.9400787353514191,0.9487730141683607,0.9484004398133546,0.9485866854070522,0.8841076882659289,0.8660138523999911,0.9022015241318668
CRACK500_20160222_165037_641_361.jpg,0.8980106770070123,0.8980106770070123,0.9462651479106454,0.9414062499998564,0.9466890662184106,0.9458416090858126,0.946265142910514,0.8884852439407198,0.8789598108744274,0.8980106770070123
CRACK500_20160222_165951_1921_1.jpg,0.7685117814961837,0.7685117814961837,0.8691056395971678,0.9368896484373571,0.8653264431554919,0.8729179910992543,0.869105634596988,0.8443369640034804,0.920162146510777,0.7685117814961837
CRACK500_20160225_114503_641_1081.jpg,0.8066378453852457,0.8066378453852457,0.8929712697491279,0.8901214599608017,0.8963150827984795,0.889652312977288,0.8929712647490647,0.8018849583021568,0.7971320712190678,0.8066378453852457
CRACK500_20160225_114503_641_361.jpg,0.8477690937868897,0.8477690937868897,0.9176136743898436,0.9060821533201743,0.9183389149361237,0.9168895784290294,0.917613669389724,0.8254329009673431,0.8030967081477964,0.8477690937868897
CRACK500_20160225_114503_641_721.jpg,0.8420400085832856,0.8420400085832856,0.9142472526760146,0.8989105224608004,0.9138569025744822,0.9146379363925944,0.9142472476758972,0.8114071651121622,0.7807743216410388,0.8420400085832856
CRACK500_20160225_114514_1081_641.jpg,0.7800422584180428,0.7800422584180428,0.8764311686749292,0.8745117187498666,0.8701554435060208,0.882798074885467,0.8764311636750577,0.7769640232728671,0.7738857881276914,0.7800422584180428
CRACK500_20160225_114514_1_641.jpg,0.800699300699082,0.800699300699082,0.8893203883493797,0.8886718749998644,0.8848905660374687,0.8937947857902444,0.8893203833493701,0.799642936568512,0.7985865724379422,0.800699300699082
CRACK500_20160225_114535_1281_1081.jpg,0.8076332682107146,0.8076332682107146,0.8935808854747957,0.9158630371092353,0.9024285658593917,0.8849050112759891,0.893580880475104,0.838771572056465,0.8699098759022155,0.8076332682107146
CRACK500_20160225_114535_1281_361.jpg,0.8240145420268542,0.8240145420268542,0.9035175137487721,0.9202270507811097,0.9101014983080231,0.8970281065627553,0.903517508748867,0.84833968692291,0.8726648318189657,0.8240145420268542
CRACK500_20160225_114535_1921_721.jpg,0.8092133646513545,0.8092133646513545,0.8945471888079873,0.9392700195311067,0.8995044492988227,0.8896442687742346,0.8945471838079021,0.8637064665204242,0.9181995683894938,0.8092133646513545
CRACK500_20160225_114535_641_361.jpg,0.8364073328859725,0.8364073328859725,0.9109170039868353,0.9106750488279861,0.9172540606800744,0.9046669084751225,0.9109169989869353,0.8359984201360666,0.8355895073861609,0.8364073328859725
CRACK500_20160302_155857_641_721.jpg,0.846187215319045,0.846187215319045,0.9166862475242663,0.924255371093609,0.9196807435842528,0.9137111884365251,0.9166862425241655,0.8581656771390958,0.8701441389591467,0.846187215319045
CRACK500_20160302_155914_361_1281.jpg,0.8433124013563775,0.8433124013563775,0.9149967208334703,0.9288024902342333,0.9099242726182434,0.9201260396435276,0.9149967158334589,0.8639415332857532,0.884570665215129,0.8433124013563775
CRACK500_20160302_155919_641_1081.jpg,0.8283881834669511,0.8283881834669511,0.9061403819578171,0.9191589355467348,0.9078129991832353,0.9044739168873901,0.9061403769576735,0.8479061181584708,0.8674240528499907,0.8283881834669511
CRACK500_20160302_155925_1281_361.jpg,0.8571257269617912,0.8571257269617912,0.9230669895075185,0.9272766113279836,0.9272279154232302,0.9189432409844703,0.9230669845074702,0.8640598318653598,0.8709939367689284,0.8571257269617912
CRACK500_20160303_091825_1_1.jpg,0.8361690709931386,0.8361690709931386,0.9107756842248469,0.9208068847654846,0.9095247905504362,0.912030023412439,0.9107756792246997,0.8516261648149719,0.8670832586368051,0.8361690709931386
CRACK500_20160303_091830_721_641.jpg,0.8369987831297787,0.8369987831297787,0.9112676511453597,0.9161987304686102,0.9065805124245647,0.9160035079738473,0.911267646145346,0.8449491036312008,0.8528994241326229,0.8369987831297787
CRACK500_20160303_092627_641_361.jpg,0.8321276091079127,0.8321276091079127,0.9083729811954384,0.9136047363279857,0.9121221969447799,0.9046544610621117,0.9083729761953758,0.8405100281994262,0.8488924472909398,0.8321276091079127
CRACK500_20160303_092806_641_721.jpg,0.7804535257707559,0.7804535257707559,0.8766907020871535,0.8760528564451788,0.8764113147988114,0.8769702675613094,0.8766906970870211,0.7794384377352446,0.7784233496997331,0.7804535257707559
CRACK500_20160303_093400_641_721.jpg,0.8440851608769508,0.8440851608769508,0.91545138888873,0.9256896972654838,0.9219820953976353,0.909012549992791,0.9154513838888219,0.859879245317994,0.8756733297590372,0.8440851608769508
CRACK500_20160306_103632_641_1.jpg,0.8574024204273523,0.8574024204273523,0.9232274180304779,0.9329376220701702,0.9288576449908862,0.9176650345518916,0.9232274130305004,0.8725135344273187,0.8876246484272853,0.8574024204273523
CRACK500_20160306_104456_1921_361.jpg,0.8665196743552013,0.8665196743552013,0.9284870513401312,0.9399566650389191,0.9329462035714792,0.9240703226736636,0.9284870463400767,0.8840612674993104,0.9016028606434194,0.8665196743552013
CRACK500_20160306_104456_641_1081.jpg,0.8779455883481941,0.8779455883481941,0.9350064174334451,0.9273681640623586,0.9391354435237975,0.9309135399671206,0.9350064124334141,0.8629271667975358,0.8479087452468773,0.8779455883481941
CRACK500_20160306_104527_1281_721.jpg,0.8717234657288015,0.8717234657288015,0.9314660864064923,0.9437713623045435,0.9332190504580259,0.9297196955630481,0.9314660814063368,0.890361164878908,0.9089988640290145,0.8717234657288015
CRACK500_20160306_104527_1921_721.jpg,0.8631007546666388,0.8631007546666388,0.9265207504261592,0.9526672363279797,0.9270038394080072,0.9260381646853894,0.926520745425941,0.8978175862764313,0.9325344178862236,0.8631007546666388
CRACK500_20160306_104527_1_361.jpg,0.879632909354088,0.879632909354088,0.9359624477487604,0.9429626464842311,0.9385995052223273,0.9333401667346818,0.9359624427486396,0.8909140762787471,0.9021952432034062,0.879632909354088
CRACK500_20160307_144150_641_361.jpg,0.8190591770686492,0.8190591770686492,0.900530546112892,0.904449462890487,0.9022790934552768,0.8987887627620968,0.9005305411127676,0.8253402903357724,0.8316214036028956,0.8190591770686492
CRACK500_20160307_144842_1281_361.jpg,0.8711063719785217,0.8711063719785217,0.931113682283501,0.9391326904295443,0.934778085991354,0.9274778958953701,0.9311136772834169,0.8838513947663953,0.896596417554269,0.8711063719785217
CRACK500_20160307_144842_641_1.jpg,0.8702898065722273,0.8702898065722273,0.9306470083021524,0.9408569335936064,0.9320812874087193,0.9292171365273415,0.9306470033019978,0.886118847126121,0.9019478876800148,0.8702898065722273
CRACK500_20160307_144924_1921_361.jpg,0.9028899721445324,0.9028899721445324,0.9489670820294325,0.9574432373045414,0.9556292611015457,0.9423971507483128,0.9489670770295018,0.9162347853399181,0.9295795985353038,0.9028899721445324
CRACK500_20160307_145000_1921_721.jpg,0.9231980474743443,0.9231980474743443,0.9600654999486317,0.9702301025389145,0.9630815982912557,0.9570682337573633,0.9600654949484841,0.9384191929224975,0.9536403383706508,0.9231980474743443
CRACK500_20160307_145059_641_721.jpg,0.8877754591939995,0.8877754591939995,0.940551965404871,0.9253234863279839,0.9349416793448442,0.9462299890013575,0.9405519604049368,0.8526532491524195,0.8175310391108395,0.8877754591939995
CRACK500_20160307_145107_1921_1.jpg,0.8808599581962743,0.8808599581962743,0.9366566121605461,0.9208526611326721,0.9346136036846113,0.9387085719878253,0.9366566071604557,0.8450316122915438,0.8092032663868133,0.8808599581962743
CRACK500_20160307_145113_1_361.jpg,0.866283232854996,0.866283232854996,0.9283513001719212,0.9116668701170484,0.9235391169442924,0.9332138946947016,0.9283512951719421,0.8298846244182241,0.7934860159814521,0.866283232854996
CRACK500_20160307_163352_1281_361.jpg,0.9267132922550816,0.9267132922550816,0.961962836899754,0.9435577392576686,0.9633199464522783,0.9606095457157314,0.9619628318996651,0.8647797353502242,0.8028461784453668,0.9267132922550816
CRACK500_20160307_163352_641_721.jpg,0.853932584269446,0.853932584269446,0.9212121212119949,0.9123229980467358,0.9230092872448967,0.9194219400041277,0.9212121162118876,0.8370276495100015,0.8201227147505572,0.853932584269446
CRACK500_20160307_163627_1921_721.jpg,0.8788141846430493,0.8788141846430493,0.9354987755854236,0.957397460937354,0.9420714684529397,0.9290171606860012,0.935498770585451,0.9085828303593553,0.9383514760756612,0.8788141846430493
CRACK500_20160307_164143_1281_721.jpg,0.8758543667632621,0.8758543667632621,0.9338191517228771,0.9151916503904854,0.934687261632119,0.9329526528667779,0.9338191467227703,0.8323581209289663,0.7888618750946707,0.8758543667632621
CRACK500_20160307_164214_1921_1081.jpg,0.771882762046313,0.771882762046313,0.8712571492652038,0.9299316406248581,0.8787964481641996,0.8638461110797443,0.8712571442653275,0.8400195441495908,0.9081563262528686,0.771882762046313
CRACK500_20160307_164214_1_721.jpg,0.8508285458104968,0.8508285458104968,0.9194028779558404,0.9314575195311079,0.9180521714200522,0.9207575648670593,0.9194028729556861,0.8691447000628474,0.887460854315198,0.8508285458104968
CRACK500_20160307_164226_1281_721.jpg,0.8424757467937537,0.8424757467937537,0.9145040288967888,0.9060974121092368,0.9107839610369122,0.9182546103839193,0.9145040238967452,0.8269179150851318,0.81136008337651,0.8424757467937537
CRACK500_20160307_164226_641_361.jpg,0.8620258039666711,0.8620258039666711,0.9259010290086191,0.9125366210936108,0.9224428817966355,0.9293852022938963,0.9259010240085699,0.8345925009604571,0.8071591979542433,0.8620258039666711
CRACK500_20160307_164319_641_361.jpg,0.8779086727250359,0.8779086727250359,0.9349854819628703,0.9169769287107976,0.9331902206318585,0.9367876640166324,0.9349854769627771,0.8359519132213711,0.7939951537177063,0.8779086727250359
CRACK500_20160307_164334_1281_1.jpg,0.9155602609588774,0.9155602609588774,0.9559190380161393,0.9549713134764168,0.9536824535778506,0.9581661376292274,0.9559190330160242,0.9137865707428765,0.9120128805268757,0.9155602609588774
CRACK500_20160307_164334_1281_361.jpg,0.8863288426206039,0.8863288426206039,0.9397394797709412,0.9546813964842293,0.93920590501645,0.940273661130805,0.939739474770752,0.9081226543556403,0.9299164660906768,0.8863288426206039
CRACK500_20160307_164400_641_1.jpg,0.8978860449909443,0.8978860449909443,0.9461959503424543,0.9356536865232947,0.9458701086676838,0.9465220165919729,0.9461959453423342,0.8748461712161546,0.8518062974413649,0.8978860449909443
CRACK500_20160308_072831_1921_721.jpg,0.9155165065728238,0.9155165065728238,0.9558951890326798,0.960678100585791,0.9598872581029939,0.9519361876189828,0.9558951840326025,0.92349874783561,0.9314809890983964,0.9155165065728238
CRACK500_20160308_072844_1281_721.jpg,0.9190013869622333,0.9190013869622333,0.9577912691527614,0.9643554687498529,0.9598029984786848,0.9557879552827422,0.9577912641526102,0.9295765286931299,0.9401516704240265,0.9190013869622333
CRACK500_20160308_072844_1921_1.jpg,0.9204438978680838,0.9204438978680838,0.9585741076736307,0.9585418701170413,0.9623744795490563,0.9548036327184781,0.9585741026735625,0.9203844075128342,0.9203249171575848,0.9204438978680838
CRACK500_20160308_072844_641_721.jpg,0.9218361425805051,0.9218361425805051,0.9593285526857966,0.9654693603514152,0.9628413723435323,0.9558412721148356,0.9593285476856906,0.931790982969283,0.9417458233580608,0.9218361425805051
CRACK500_20160308_072921_1281_721.jpg,0.9109251275112265,0.9109251275112265,0.9533865188089373,0.9517669677732923,0.9572401539825416,0.9495637869750171,0.953386513808878,0.9078714767334957,0.904817825955765,0.9109251275112265
CRACK500_20160308_072921_641_721.jpg,0.9122643111938984,0.9122643111938984,0.954119475904811,0.9527130126951672,0.9575644111613452,0.9506992388030476,0.9541194709047346,0.909618782439187,0.9069732536844756,0.9122643111938984
CRACK500_20160308_072927_1281_361.jpg,0.9411550526549012,0.9411550526549012,0.9696856017428298,0.9679412841795398,0.9727875401670462,0.9666033828095253,0.9696855967427408,0.9376805232270632,0.9342059937992252,0.9411550526549012
CRACK500_20160308_072935_1921_361.jpg,0.9177468845886037,0.9177468845886037,0.9571095038284777,0.9599151611326661,0.959789122105845,0.9544448062517243,0.9571094988283604,0.9226139529912063,0.927481021393809,0.9177468845886037
CRACK500_20160308_072951_641_361.jpg,0.9088241806906254,0.9088241806906254,0.9522345639626241,0.9497375488279801,0.956450814180152,0.9480553229575989,0.9522345589625831,0.9040481982284851,0.8992722157663448,0.9088241806906254
CRACK500_20160308_073356_641_361.jpg,0.8921823229154676,0.8921823229154676,0.9430194036912852,0.9448852539061059,0.9469932196942693,0.939078798541869,0.9430193986912245,0.8954277115179214,0.8986731001203753,0.8921823229154676
CRACK500_20160308_073406_1921_721.jpg,0.8260848271129267,0.8260848271129267,0.9047606275979873,0.9458160400389182,0.9100080927969193,0.8995733333328535,0.9047606225979107,0.8765612859391991,0.9270377447654715,0.8260848271129267
CRACK500_20160308_074101_1281_1081.jpg,0.8961103723401276,0.8961103723401276,0.9452090821423784,0.9523162841795423,0.9498889946079748,0.9405750575752179,0.9452090771423342,0.9075559767145133,0.919001581088899,0.8961103723401276
CRACK500_20160308_074101_1_1.jpg,0.907252319560445,0.907252319560445,0.9513710485558985,0.9592742919920412,0.9550426162340582,0.9477276027294367,0.951371043555799,0.9197796547582924,0.9323069899561398,0.907252319560445
CRACK500_20160308_074134_641_721.jpg,0.8611585365851033,0.8611585365851033,0.925400517642282,0.930511474609233,0.9313812774092619,0.9194960773459684,0.9254005126423366,0.8695173213897791,0.8778761061944549,0.8611585365851033
CRACK500_20160308_074330_1921_721.jpg,0.9412286173947069,0.9412286173947069,0.9697246465054852,0.9726867675779767,0.9720592723200393,0.9674012081122507,0.9697246415053501,0.9463391724038615,0.951449727413016,0.9412286173947069
CRACK500_20160308_155516_1281_1081.jpg,0.8521587177244278,0.8521587177244278,0.9201789345260806,0.9251251220701714,0.924918247220103,0.9154879430325569,0.9201789295260621,0.8602171232774307,0.8682755288304338,0.8521587177244278
CRACK500_20160308_155537_1921_361.jpg,0.8744739838603708,0.8744739838603708,0.9330340046218643,0.9226226806639217,0.9307110677869878,0.935368565981536,0.9330339996217722,0.8533050511177069,0.8321361183750431,0.8744739838603708
CRACK500_20160308_155720_1281_1.jpg,0.8482903064242481,0.8482903064242481,0.9179189042714542,0.898315429687363,0.9133514719217313,0.9225322472825822,0.9179188992714663,0.8062983681798038,0.7643064299353596,0.8482903064242481
CRACK500_20160308_155720_1921_1.jpg,0.8458003749255074,0.8458003749255074,0.9164592080653815,0.8970794677733006,0.9099562201778469,0.9230558119805088,0.9164592030655235,0.8047285626684786,0.7636567504114496,0.8458003749255074
CRACK500_20160308_155720_641_1081.jpg,0.8041430320595707,0.8041430320595707,0.891440443213173,0.8804016113279907,0.8868465290597496,0.8960821986464802,0.8914404382131838,0.7845778868886124,0.7650127417176541,0.8041430320595707
CRACK500_20160308_155731_641_721.jpg,0.7983387953438812,0.7983387953438812,0.8878625066765816,0.8910827636717391,0.884665957046871,0.8910822401611721,0.8878625016765074,0.8034292828588057,0.8085197703737302,0.7983387953438812
CRACK500_20160308_160053_641_721.jpg,0.8733355562963492,0.8733355562963492,0.9323856085056802,0.9130554199217357,0.9322307382006663,0.9325405302758356,0.9323856035055698,0.8281303100540028,0.7829250638116565,0.8733355562963492
CRACK500_20160308_160128_1281_361.jpg,0.8945321992707623,0.8945321992707623,0.944330425859305,0.9271545410154836,0.9476677510705298,0.9410165237395848,0.944330420859257,0.8519576548358584,0.8093831104009545,0.8945321992707623
CRACK500_20160310_114418_1281_1.jpg,0.8509541495898915,0.8509541495898915,0.9194762061269146,0.9289703369139208,0.9248677616923284,0.9141471468369572,0.9194762011269254,0.865734781614823,0.8805154136397545,0.8509541495898915
CRACK500_20160310_114418_641_1081.jpg,0.823014134978823,0.823014134978823,0.9029158021184335,0.9186096191404849,0.9080060035871772,0.8978823529408514,0.9029157971184263,0.8460302924721194,0.8690464499654157,0.823014134978823
CRACK500_20160310_114459_1281_1.jpg,0.8695665225741867,0.8695665225741867,0.9302333049662117,0.9337005615232951,0.9331550802136032,0.9273297691836836,0.9302332999661114,0.8753750193334057,0.8811835160926247,0.8695665225741867
CRACK500_20160316_141721_1921_721.jpg,0.8521837880970958,0.8521837880970958,0.9201935505251516,0.9265136718748587,0.9241753486666031,0.9162459162456139,0.9201935455250919,0.862339279608783,0.8724947711204701,0.8521837880970958
CRACK500_20160316_141736_1_361.jpg,0.8514403964491501,0.8514403964491501,0.9197599858813872,0.9167480468748601,0.9222828491370234,0.9172508873306982,0.9197599808812894,0.8461077544025881,0.8407751123560262,0.8514403964491501
CRACK500_20160316_142027_1281_361.jpg,0.8860888679539212,0.8860888679539212,0.9396045785638655,0.9335784912107951,0.9447823660711651,0.9344832344415802,0.9396045735638855,0.8743309375285213,0.8625730071031215,0.8860888679539212
CRACK500_20160316_142223_361_1.jpg,0.7952016106477293,0.7952016106477293,0.8859190031149888,0.944122314452981,0.8823456407068678,0.8895214263366346,0.8859189981147948,0.8619206213691393,0.9286396320905492,0.7952016106477293
CRACK500_20160316_142223_361_641.jpg,0.8313199477905993,0.8313199477905993,0.907891544340515,0.9073181152342366,0.9024721133551696,0.9133764569473017,0.9078915393405578,0.8303533813837369,0.8293868149768745,0.8313199477905993
CRACK500_20160316_142449_1281_721.jpg,0.834005182838804,0.834005182838804,0.9094905408586373,0.9120330810545484,0.9121110971152185,0.9068849995300707,0.9094905358585358,0.8381833083808137,0.8423614339228235,0.834005182838804
CRACK500_20160316_143433_1281_721.jpg,0.8918659397841371,0.8918659397841371,0.942842641255965,0.9467315673826681,0.9469824042095224,0.9387389149710033,0.9428426362559061,0.8984273225577593,0.9049887053313815,0.8918659397841371
CRACK500_20160316_143433_1921_1081.jpg,0.8905122094425826,0.8905122094425826,0.9420856474713275,0.9516296386717298,0.9460609841114938,0.9381435796670894,0.9420856424712436,0.9053849000322213,0.92025759062186,0.8905122094425826
CRACK500_20160316_143433_1921_721.jpg,0.905110872449016,0.905110872449016,0.9501923332005322,0.9541625976561044,0.9539250282971723,0.9464887362089758,0.9501923282004512,0.9118309635819021,0.9185510547147882,0.905110872449016
CRACK500_20160316_143445_1281_721.jpg,0.8557721049797168,0.8557721049797168,0.9222814619137409,0.9263763427732962,0.9261451863351041,0.9184498411982552,0.9222814569136794,0.8625190489402785,0.8692659929008402,0.8557721049797168
CRACK500_20160316_143445_641_361.jpg,0.8676715545722762,0.8676715545722762,0.9291479033860272,0.9260559082029838,0.9341192380053699,0.9242292030247458,0.929147898386033,0.8620665761367563,0.8564615977012363,0.8676715545722762
CRACK500_20160316_143547_1281_361.jpg,0.9021251541995902,0.9021251541995902,0.9485444763798441,0.9467315673826681,0.9535056006634999,0.9436347106950517,0.9485444713798395,0.8987378671263404,0.8953505800530905,0.9021251541995902
CRACK500_20160316_143603_1921_361.jpg,0.8752895869058955,0.8752895869058955,0.9334980506664742,0.9367523193357946,0.938815025170731,0.9282409623174346,0.9334980456664848,0.8807767218909779,0.8862638568760602,0.8752895869058955
CRACK500_20160316_143603_1921_721.jpg,0.8745679160777678,0.8745679160777678,0.9330874689327455,0.9363250732420446,0.9384292855987942,0.9278061224486837,0.9330874639327579,0.880025450903746,0.8854829857297242,0.8745679160777678
CRACK500_20160316_143603_641_1081.jpg,0.8640810075941919,0.8640810075941919,0.9270852544218414,0.9336395263670451,0.9323845816609002,0.9218458255531735,0.9270852494218474,0.8746476617361684,0.8852143158781448,0.8640810075941919
CRACK500_20160316_143624_1_641.jpg,0.8586359131450706,0.8586359131450706,0.9239420233650163,0.928176879882671,0.9223175688751137,0.9255722101716062,0.9239420183648824,0.865616879324542,0.8725978455040133,0.8586359131450706
CRACK500_20160316_143629_1_721.jpg,0.8841645454256987,0.8841645454256987,0.9385215824936723,0.943756103515481,0.9436841752193789,0.9334151682035254,0.9385215774936654,0.8928055154067744,0.9014464853878503,0.8841645454256987
CRACK500_20160316_144230_641_1.jpg,0.9184209072321902,0.9184209072321902,0.9574759154989045,0.9549407958982918,0.9628417516215934,0.9521695546324067,0.957475910498922,0.9134856386520325,0.9085503700718749,0.9184209072321902
CRACK500_20160316_144431_641_1081.jpg,0.8664105415694853,0.8664105415694853,0.9284243978186183,0.9395141601561067,0.9349747245150616,0.9219652142725759,0.928424392818696,0.8834400361448125,0.9004695307201396,0.8664105415694853
CRACK500_20160318_181602_1_1081.jpg,0.8929667725777122,0.8929667725777122,0.943457418813254,0.9393463134764192,0.949195718128986,0.937788083589928,0.9434574138133026,0.8850896322344161,0.8772124918911199,0.8929667725777122
CRACK500_20160318_181627_1281_361.jpg,0.8890537372775619,0.8890537372775619,0.9412688688875892,0.9429473876951686,0.9430316001507796,0.939512715185808,0.9412688638874587,0.8919744427096059,0.8948951481416499,0.8890537372775619
CRACK500_20160318_181632_1281_1081.jpg,0.9078235757414262,0.9078235757414262,0.9516850376362752,0.9464263916014182,0.9536403750686836,0.9497377022162241,0.9516850326361653,0.8972040965568121,0.886584617372198,0.9078235757414262
CRACK500_20160318_181712_1921_721.jpg,0.8253635060409454,0.8253635060409454,0.9043278265501068,0.947952270507668,0.9059286316375914,0.9027326688313905,0.9043278215498687,0.8781679414247092,0.930972376808473,0.8253635060409454
CRACK500_20160321_183951_1281_361.jpg,0.8764093401512918,0.8764093401512918,0.9341344890988748,0.9387817382811068,0.9371808808508952,0.9311078383240284,0.9341344840987742,0.8841141777064376,0.8918190152615835,0.8764093401512918
CRACK500_20160321_183951_1_361.jpg,0.8726446912799062,0.8726446912799062,0.9319917391093291,0.956787109374854,0.9371679706360778,0.9268723729456788,0.9319917341092578,0.9056271515187615,0.9386096117576167,0.8726446912799062
CRACK500_20160321_185534_1921_721.jpg,0.913295074126775,0.913295074126775,0.9546829304869262,0.9723358154295392,0.9529916662503353,0.9563802083328543,0.9546829254867032,0.9371273062228267,0.9609595383188784,0.913295074126775
CRACK500_20160321_185534_641_361.jpg,0.9429839653152078,0.9429839653152078,0.9706554270634228,0.9747161865232888,0.9716017868535164,0.9697109090262306,0.9706554220632556,0.9497642545622279,0.956544543809248,0.9429839653152078
CRACK500_20160321_185534_641_721.jpg,0.9373976528381082,0.9373976528381082,0.9676874042506529,0.9720001220701642,0.9699932926180075,0.965392453095016,0.9676873992505106,0.9445915193430732,0.9517853858480382,0.9373976528381082
CRACK500_20160321_185637_1281_721.jpg,0.9191626409014424,0.9191626409014424,0.9578788387311522,0.9655303955076652,0.9566124166694139,0.9591486183715612,0.9578788337309823,0.9312375312410671,0.9433124215806918,0.9191626409014424
CRACK500_20160321_185637_1_1081.jpg,0.9122768251719496,0.9122768251719496,0.9541263201680216,0.9697113037107896,0.9499769903355039,0.9583120560786601,0.9541263151678965,0.9340302888249257,0.9557837524779018,0.9122768251719496
CRACK500_20160324_165857_1_721.jpg,0.8286238068143281,0.8286238068143281,0.906281328862152,0.9172668457029851,0.9101513678652582,0.9024440619618236,0.9062813238620857,0.8453648026949487,0.8621057985755692,0.8286238068143281
CRACK500_20160324_170309_641_361.jpg,0.8886184797596965,0.8886184797596965,0.9410248700656179,0.9161987304686102,0.9390283105803693,0.943029937799767,0.9410248650655394,0.8178819838944092,0.747145488029122,0.8886184797596965
CRACK500_20160324_170408_1_361.jpg,0.8345174371449037,0.8345174371449037,0.9097950450050559,0.9221649169920468,0.9093930073882315,0.9101974382559939,0.909795040004896,0.8531951196574423,0.871872802169981,0.8345174371449037
CRACK500_20160324_170542_1921_721.jpg,0.8253300699779981,0.8253300699779981,0.9043077562272849,0.9226837158201717,0.9032331082352196,0.9053849644528417,0.9043077512271211,0.851754807552244,0.8781795451264899,0.8253300699779981
CRACK500_20160324_170542_641_361.jpg,0.8501381010362479,0.8501381010362479,0.9189996147423721,0.9230041503904842,0.9213363803144866,0.9166746725587098,0.9189996097422567,0.8567154431922775,0.8632927853483072,0.8501381010362479
CRACK500_20160324_173501_1921_361.jpg,0.8402836724074259,0.8402836724074259,0.9132110282847665,0.9109954833982985,0.9158136620009801,0.9106231454003233,0.9132110232846711,0.8364498022274687,0.8326159320475114,0.8402836724074259
CRACK500_20160325_185829_1281_361.jpg,0.8629133005743054,0.8629133005743054,0.9264127324747572,0.9497680664061051,0.9309911043216232,0.921879170744318,0.926412727474671,0.894727056856425,0.9265408131385446,0.8629133005743054
CRACK500_20160325_185829_641_1081.jpg,0.8048342975017692,0.8048342975017692,0.891865030064878,0.9335937499998576,0.8979785850090574,0.885834155971922,0.8918650250648882,0.8566922963689362,0.9085502952361032,0.8048342975017692
CRACK500_20160326_141808_1281_1.jpg,0.8965926183035704,0.8965926183035704,0.9454772834722285,0.9454498291014183,0.9488780726724373,0.9421007841465742,0.9454772784721486,0.8965432184426019,0.8964938185816335,0.8965926183035704
CRACK500_20160326_141812_1_1.jpg,0.8858799541223124,0.8858799541223124,0.9394871101799271,0.9453430175779808,0.9409495448543396,0.9380292143167229,0.9394871051797804,0.895471119388097,0.9050622846538816,0.8858799541223124
CRACK500_20160326_142349_1281_721.jpg,0.8752473381699626,0.8752473381699626,0.9334740227111681,0.9191894531248598,0.9355659070877665,0.9313914721878698,0.9334740177110759,0.8443185246169028,0.8133897110638431,0.8752473381699626
CRACK500_20160326_142403_1281_361.jpg,0.8759873617691217,0.8759873617691217,0.9338947368419742,0.9281311035154834,0.9376849581463494,0.930135033128986,0.933894731841925,0.8650066356975445,0.8540259096259672,0.8759873617691217
CRACK500_20160326_142403_1921_361.jpg,0.8805832166721571,0.8805832166721571,0.936500133432457,0.9310150146482955,0.9394426127875168,0.9335760291232335,0.9365001284323745,0.8700853843468774,0.8595875520215978,0.8805832166721571
CRACK500_20160326_142403_1921_721.jpg,0.8625584008513625,0.8625584008513625,0.9262081666347676,0.9290771484373582,0.9283895607890107,0.9240369994928649,0.9262081616346483,0.8673733543055592,0.8721883077597559,0.8625584008513625
CRACK500_20160326_142521_641_1081.jpg,0.8988955992394556,0.8988955992394556,0.9467562088189373,0.9358825683592322,0.9503688628845205,0.9431709164350056,0.9467562038188897,0.8748834386159213,0.850871277992387,0.8988955992394556
CRACK500_20160326_144512_1_1.jpg,0.8468314022224974,0.8468314022224974,0.9170641144648192,0.9209289550779846,0.9129146353118207,0.9212514871857869,0.9170641094647757,0.8531722483106117,0.859513094398726,0.8468314022224974
CRACK500_20160326_150319_1081_641.jpg,0.8430624473361944,0.8430624473361944,0.914849573930265,0.8976898193358006,0.9074853241286671,0.9223343234659116,0.9148495689304781,0.8079526079549872,0.7728427685737802,0.8430624473361944
CRACK500_20160326_150319_1_641.jpg,0.8252865064692976,0.8252865064692976,0.9042816057032846,0.8918304443358015,0.8941283276812652,0.9146681234632847,0.9042816007038074,0.8020504295215787,0.7788143525738599,0.8252865064692976
CRACK500_20160326_150319_721_641.jpg,0.8352753312206305,0.8352753312206305,0.9102452553155541,0.8992614746092378,0.9000887263730003,0.920633611087941,0.910245250316067,0.8146712599206813,0.7940671886207323,0.8352753312206305
CRACK500_20160326_162529_1281_1081.jpg,0.8829291999179244,0.8829291999179244,0.9378251715002462,0.9301605224607956,0.9421895897587297,0.933501000594696,0.9378251665002262,0.8676824804759605,0.8524357610339967,0.8829291999179244
CRACK500_20160326_162529_1281_721.jpg,0.8854716137681761,0.8854716137681761,0.9392574327847157,0.941360473632669,0.9418626767257523,0.9366665615835136,0.9392574277846055,0.8890985804435882,0.8927255471190005,0.8854716137681761
CRACK500_20160326_162538_1281_721.jpg,0.8763429534440499,0.8763429534440499,0.9340967778150705,0.9283447265623583,0.9361199403670963,0.9320823414085053,0.9340967728149628,0.8653788179917338,0.8544146825394177,0.8763429534440499
CRACK500_20160326_174634_1921_361.jpg,0.8782049364245691,0.8782049364245691,0.9351534748879506,0.9378814697264194,0.9380372607289368,0.9322873658130812,0.935153469887849,0.8828452132234935,0.8874854900224179,0.8782049364245691
CRACK500_20160328_150821_1921_361.jpg,0.8448702101352243,0.8448702101352243,0.9159128978220071,0.9731903076170391,0.9169221924100067,0.9149058227355245,0.915912892821575,0.9067383551970662,0.9686065002589083,0.8448702101352243
CRACK500_20160328_150821_1921_721.jpg,0.8703999999994644,0.8703999999994644,0.9307100085540136,0.9678649902342273,0.9313228419036469,0.9300979811922601,0.9307100035537097,0.9147104296384931,0.959020859277522,0.8703999999994644
CRACK500_20160328_150827_1281_721.jpg,0.899891746997036,0.899891746997036,0.9473084436725435,0.9407348632811064,0.9518019737198213,0.9428571428568883,0.9473084386725267,0.8865274161801076,0.873163085363179,0.899891746997036
CRACK500_20160328_150827_641_361.jpg,0.8889850862981376,0.8889850862981376,0.9412303916494018,0.9393463134764192,0.94462415051757,0.9378609310545264,0.9412303866493273,0.8855250309103977,0.8820649755226578,0.8889850862981376
CRACK500_20160328_150932_1_721.jpg,0.836582975703431,0.836582975703431,0.9110211591534663,0.9262084960936087,0.9147914126294517,0.9072818558284504,0.9110211541533836,0.8589962623679026,0.8814095490323742,0.836582975703431
CRACK500_20160328_150932_641_721.jpg,0.8635410710880058,0.8635410710880058,0.9267743914909671,0.9235229492186091,0.9296810880522542,0.9238858141564452,0.9267743864908806,0.8576701777568343,0.8517992844256627,0.8635410710880058
CRACK500_20160328_151014_641_361.jpg,0.8805039450239551,0.8805039450239551,0.9364553021586335,0.9283599853514208,0.9397240180363613,0.933209247120139,0.9364552971585673,0.8643817679289246,0.8482595908338941,0.8805039450239551
CRACK500_20160328_151027_1281_1081.jpg,0.7972849143048372,0.7972849143048372,0.8872103782312278,0.9088592529295488,0.885688433116843,0.88873756289453,0.887210373231075,0.8276097295336313,0.8579345447624256,0.7972849143048372
CRACK500_20160328_151027_641_1081.jpg,0.805055155578653,0.805055155578653,0.8920006162588131,0.9037322998045496,0.8967439939420057,0.8873071552631245,0.8920006112588003,0.8226304094593483,0.8402056633400435,0.805055155578653
CRACK500_20160328_151027_641_721.jpg,0.8353522991231024,0.8353522991231024,0.9102909556080523,0.8994140624998628,0.912078322288333,0.9085105805012066,0.9102909506079478,0.8149682252212698,0.794584151319437,0.8353522991231024
CRACK500_20160328_151151_1281_1081.jpg,0.8139685556319912,0.8139685556319912,0.8974450555989958,0.93428039550767,0.9006404129225288,0.8942722915574933,0.897445050598845,0.8608618987706863,0.9077552419093814,0.8139685556319912
CRACK500_20160328_151201_641_1.jpg,0.8770756457562553,0.8770756457562553,0.9345128394150468,0.9186706542967349,0.9396852066909789,0.9293971015907209,0.9345128344150835,0.8416498711583562,0.8062240965604572,0.8770756457562553
CRACK500_20160328_151212_1281_721.jpg,0.8851549066334173,0.8851549066334173,0.9390792274085966,0.9419097900389188,0.9422304999836414,0.9359489633170858,0.9390792224085023,0.8899858635503255,0.8948168204672337,0.8851549066334173
CRACK500_20160328_151212_641_721.jpg,0.8793487022405676,0.8793487022405676,0.9358015371944594,0.9429016113279811,0.9385065381965112,0.9331120843024041,0.9358015321943403,0.8907759375091057,0.9022031727776437,0.8793487022405676
CRACK500_20160328_151243_1_361.jpg,0.8640646697079626,0.8640646697079626,0.9270758506928122,0.9581756591795413,0.9318108888646208,0.9223886918307361,0.9270758456926945,0.9035473100165212,0.94302995032508,0.8640646697079626
CRACK500_20160328_151243_641_1.jpg,0.8922314848372321,0.8922314848372321,0.9430468650234736,0.9455566406248558,0.9450683046994449,0.9410340543464875,0.943046860023346,0.8965546800782309,0.9008778753192297,0.8922314848372321
CRACK500_20160328_151252_1281_361.jpg,0.8972317026922267,0.8972317026922267,0.9458325004995741,0.9379730224607944,0.9448378680578924,0.9468292292503411,0.9458324954994538,0.8809695756353924,0.864707448578558,0.8972317026922267
CRACK500_20160328_151252_1281_721.jpg,0.8913441099409534,0.8913441099409534,0.9425509670673102,0.9329223632811077,0.9421077381260928,0.9429946132521985,0.9425509620671882,0.8710978539796286,0.8508515980183039,0.8913441099409534
CRACK500_20160328_151343_1281_1.jpg,0.8382839433085495,0.8382839433085495,0.9120287933318978,0.9291381835936082,0.9160546443925126,0.9080381728335755,0.9120287883318217,0.8631402351662145,0.8879965270238797,0.8382839433085495
CRACK500_20160328_151355_1921_1.jpg,0.8972910175843859,0.8972910175843859,0.9458654568731463,0.9406433105467316,0.9480026779734022,0.9437378505967944,0.9458654518730402,0.8870012390151778,0.8767114604459696,0.8972910175843859
CRACK500_20160328_151355_641_721.jpg,0.915098068277033,0.915098068277033,0.9556670579280824,0.947555541992043,0.9579529880269562,0.9533920115295056,0.9556670529279877,0.8972317409580597,0.8793654136390863,0.915098068277033
CRACK500_20160328_151402_1921_721.jpg,0.9389892693701793,0.9389892693701793,0.9685347765490017,0.9528045654295422,0.9743133161404531,0.9628243765294062,0.9685347715490792,0.883256972274777,0.8275246751793746,0.9389892693701793
CRACK500_20160328_151402_641_1.jpg,0.8959043879507909,0.8959043879507909,0.9450944822371965,0.9445800781248559,0.9509308834263352,0.9393292866155,0.945094477237242,0.8949720615249339,0.894039735099077,0.8959043879507909
CRACK500_20160328_151402_641_1081.jpg,0.8056269637242666,0.8056269637242666,0.8923514988528851,0.9376983642576695,0.8964403008788555,0.8882998267802801,0.8923514938527538,0.860818542236836,0.9160101207494054,0.8056269637242666
CRACK500_20160328_151413_641_721.jpg,0.9186436372870413,0.9186436372870413,0.9575969392481887,0.9511260986326674,0.9586757143611943,0.9565205892462627,0.9575969342480684,0.9047915316060167,0.890939425924992,0.9186436372870413
CRACK500_20160328_151657_1281_1081.jpg,0.8565806631890703,0.8565806631890703,0.9227508183972052,0.9060211181639243,0.9228781454625248,0.922623526460767,0.9227508133970896,0.8211810136576311,0.7857813641261918,0.8565806631890703
CRACK500_20160328_151657_641_361.jpg,0.8707426264043033,0.8707426264043033,0.9309058489546805,0.9101257324217361,0.9302292868193065,0.9315833959426815,0.9309058439545741,0.8214800609783192,0.772217495552335,0.8707426264043033
CRACK500_20160328_151728_641_361.jpg,0.8633796322976015,0.8633796322976015,0.9266814097705138,0.927658081054546,0.927556422401496,0.9258080464739739,0.926681404770375,0.8650559440474843,0.8667322557973671,0.8633796322976015
CRACK500_20160328_151808_1921_1.jpg,0.8395239812469892,0.8395239812469892,0.9127622034890644,0.9728393554686016,0.9124938755503061,0.9130306892823677,0.9127621984886175,0.903932451636499,0.9683409220260089,0.8395239812469892
CRACK500_20160328_151808_1_721.jpg,0.9005578043239953,0.9005578043239953,0.9476773632194918,0.9385223388670443,0.9475173989817837,0.9478373814778679,0.9476773582193689,0.8809305597059989,0.8613033150880025,0.9005578043239953
CRACK500_20160328_151814_1_361.jpg,0.8604312534850794,0.8604312534850794,0.9249804332982091,0.9312591552732954,0.9280868838760474,0.9218947088890255,0.9249804282981111,0.8705672937180342,0.880703333950989,0.8604312534850794
CRACK500_20160328_151945_1_721.jpg,0.845300624111461,0.845300624111461,0.9161657597319521,0.9235992431639216,0.9197539164926646,0.9126054905097193,0.9161657547318749,0.8570741798294073,0.8688477355473535,0.845300624111461
CRACK500_20160328_152022_1921_1.jpg,0.8772592392767476,0.8772592392767476,0.934617042678378,0.9444580078123559,0.9362988555384235,0.9329412608474026,0.9346170376782262,0.8925769880593116,0.9078947368418756,0.8772592392767476
CRACK500_20160328_153020_1921_361.jpg,0.8573452999523133,0.8573452999523133,0.9231943031533506,0.9585266113279788,0.9258629484776252,0.9205409974635556,0.9231942981531311,0.9010512601669105,0.9447572203815076,0.8573452999523133
CRACK500_20160328_153241_1921_721.jpg,0.879396467376858,0.879396467376858,0.9358285839541496,0.9642639160154779,0.9372667398458082,0.9343948347554528,0.9358285789539049,0.9155334758518092,0.9516704843267605,0.879396467376858
CRACK500_20160328_153404_1_721.jpg,0.834179161860502,0.834179161860502,0.9095939799188988,0.934188842773295,0.9119451916606792,0.9072548609655415,0.9095939749187415,0.8678982216381935,0.901617281415885,0.834179161860502
CRACK500_20160328_153421_1281_1.jpg,0.9174077989921894,0.9174077989921894,0.9569250729807076,0.9594726562498537,0.9606329979483049,0.9532456622181804,0.9569250679806268,0.9218498172403188,0.9262918354884482,0.9174077989921894
CRACK500_20160328_153524_1921_361.jpg,0.89292761955785,0.89292761955785,0.9434355654511715,0.9329376220701702,0.9476188013855558,0.9392891007403862,0.9434355604511475,0.870383626978612,0.847839634399374,0.89292761955785
CRACK500_20160328_153533_641_1.jpg,0.9071036965573527,0.9071036965573527,0.9512893275754533,0.9397583007811067,0.9549181343040909,0.9476879962631954,0.9512893225754082,0.8804000973057555,0.8536964980541584,0.9071036965573527
CRACK500_20160328_153536_1_361.jpg,0.8968184121393987,0.8968184121393987,0.945602811950658,0.940963745117044,0.9477481539933071,0.9434671604519981,0.9456028069505507,0.887781777211595,0.8787451422837913,0.8968184121393987
CRACK500_20160328_153540_1281_1081.jpg,0.8776958397103444,0.8776958397103444,0.9348647647275384,0.9329376220701702,0.9386625398050836,0.9310975969767578,0.9348647597274818,0.8742079622129686,0.8707200847155929,0.8776958397103444
CRACK500_20160328_153540_1921_361.jpg,0.8757353223880673,0.8757353223880673,0.9337514860818814,0.950683593749855,0.9368624547544682,0.9306611097487412,0.933751481081745,0.9000744480692033,0.9244135737503393,0.8757353223880673
CRACK500_20160328_153540_1_721.jpg,0.8939786476865783,0.8939786476865783,0.9440218861796976,0.9431762695311061,0.9464118870366961,0.9416439259900616,0.9440218811795877,0.8924412060754716,0.8909037644643648,0.8939786476865783
CRACK500_20160328_153544_641_1.jpg,0.9182271893527028,0.9182271893527028,0.9573706331026978,0.9414978027342313,0.9605747562415582,0.9541878144460307,0.9573706281026471,0.8738529648949892,0.8294787404372757,0.9182271893527028
CRACK500_20160328_153548_1_1.jpg,0.9065547981119805,0.9065547981119805,0.9509874030473416,0.9456176757811058,0.952769357949586,0.949212101246102,0.9509873980472284,0.8957192595209635,0.8848837209299467,0.9065547981119805
CRACK500_20160328_153556_1281_1.jpg,0.9070995844387656,0.9070995844387656,0.9512870663287498,0.9433746337889186,0.953251604756142,0.949330608608832,0.9512870613286464,0.8902243084473489,0.8733490324559321,0.9070995844387656
CRACK500_20160328_153556_1_361.jpg,0.898648297374344,0.898648297374344,0.9466190221928853,0.9405059814451691,0.9480077878627395,0.9452343194616545,0.9466190171927664,0.8863659700983016,0.8740836428222593,0.898648297374344
CRACK500_20160328_153556_1_721.jpg,0.8854623196149425,0.8854623196149425,0.9392522039854666,0.9346008300779824,0.9375512860414427,0.9409593048019366,0.93925219898535,0.8765932670846659,0.8677242145543893,0.8854623196149425
CRACK500_20160328_153559_641_721.jpg,0.9155028918039885,0.9155028918039885,0.9558877678767514,0.9451599121092308,0.9583579444770235,0.953430292345881,0.9558877628766674,0.8901848945407247,0.8648668972774609,0.9155028918039885
CRACK500_20160328_153612_641_361.jpg,0.8926908029556937,0.8926908029556937,0.9433033663624675,0.9472656249998554,0.9451019066400574,0.9415116583701396,0.9433033613623308,0.8993710090458202,0.9060512151359469,0.8926908029556937
CRACK500_20160328_153620_1_361.jpg,0.9039516854908674,0.9039516854908674,0.9495531765637373,0.9495239257811051,0.9520503960120632,0.9470690232102495,0.9495531715636271,0.9038986401757589,0.9038455948606506,0.9039516854908674
CRACK500_20160328_153620_1_721.jpg,0.9069250242503829,0.9069250242503829,0.9511910669974006,0.9399719238279816,0.9548874053405354,0.947523235119402,0.9511910619973577,0.8811543108237072,0.8553835973970314,0.9069250242503829
CRACK500_20160328_153623_1281_361.jpg,0.8978703559767145,0.8978703559767145,0.9461872389219517,0.9498748779295426,0.9494690469142422,0.9429280397019254,0.9461872339218564,0.9041266882457626,0.9103830205148107,0.8978703559767145
CRACK500_20160328_153645_1921_721.jpg,0.8553735517374262,0.8553735517374262,0.9220499569333942,0.9613342285154783,0.9225607879341812,0.9215396913232973,0.9220499519331121,0.9026219872476771,0.949870422757928,0.8553735517374262
CRACK500_20160328_153645_1_361.jpg,0.8881323280297312,0.8881323280297312,0.9407522077189353,0.9486083984373553,0.9459440336785134,0.9356170614783808,0.9407522027189205,0.9006607460700615,0.9131891641103917,0.8881323280297312
CRACK500_20160328_153645_1_721.jpg,0.8912681849799199,0.8912681849799199,0.9425085157760243,0.9451446533201683,0.9473413489355921,0.9377247414475934,0.9425085107760037,0.8957976723944598,0.9003271598089997,0.8912681849799199
CRACK500_20160328_153657_1_361.jpg,0.8798623902912343,0.8798623902912343,0.9360923382853819,0.9323272705076703,0.9366187029611764,0.9355665648940218,0.9360923332852487,0.8728460340503417,0.8658296778094492,0.8798623902912343
CRACK500_20160328_153657_641_1081.jpg,0.8715725806449417,0.8715725806449417,0.9313799418290247,0.9222412109373593,0.9335924846126408,0.929177861364608,0.9313799368289274,0.8534652771406352,0.8353579736363287,0.8715725806449417
CRACK500_20160328_153702_1921_1.jpg,0.8503844158290409,0.8503844158290409,0.9191435126176603,0.9515991210936049,0.916480276534711,0.9218222722155016,0.9191435076174682,0.8918076540592009,0.933230892289361,0.8503844158290409
CRACK500_20160328_153706_1281_361.jpg,0.8855101765734236,0.8855101765734236,0.9392791272892299,0.9351959228514198,0.9426890515135766,0.9358937831212788,0.9392791222891612,0.8777924108514343,0.870074645129445,0.8855101765734236
CRACK500_20160328_153706_1921_721.jpg,0.8714818582567407,0.8714818582567407,0.9313281391554754,0.9421691894529812,0.9341038781663453,0.9285688477794094,0.9313281341553508,0.8881708919759324,0.9048599256951239,0.8714818582567407
CRACK500_20160328_153706_641_1.jpg,0.8713770369446227,0.8713770369446227,0.9312682797126877,0.9368896484373571,0.9338754832685862,0.9286755932649713,0.9312682747125718,0.8805653710151078,0.8897537050855929,0.8713770369446227
CRACK500_20160328_153714_1281_721.jpg,0.9042520581535943,0.9042520581535943,0.9497188718077348,0.9332733154295452,0.9534572319055863,0.9460097122959168,0.9497188668077026,0.8619127188484645,0.8195733795433348,0.9042520581535943
CRACK500_20160328_153714_1_1.jpg,0.8815130468466529,0.8815130468466529,0.9370257073944148,0.9346618652342324,0.9341406914344973,0.939928598825439,0.9370257023943248,0.8771857523195419,0.8728584577924308,0.8815130468466529
CRACK500_20160328_153714_1_1081.jpg,0.8822902945542777,0.8822902945542777,0.9374646377414405,0.9359130859373572,0.9416145724281574,0.93335112217945,0.9374646327413981,0.8794801935257255,0.8766700924971733,0.8822902945542777
CRACK500_20160328_153714_1_361.jpg,0.8801063234468719,0.8801063234468719,0.9362303742836616,0.934616088867045,0.9370810617568037,0.9353812299271633,0.9362303692835264,0.8771882223142529,0.8742701211816337,0.8801063234468719
CRACK500_20160328_153724_1921_721.jpg,0.8713433798046292,0.8713433798046292,0.9312490579848565,0.9512786865232924,0.9333995165741827,0.9291084854990638,0.9312490529846825,0.8993140574183212,0.9272847350320131,0.8713433798046292
CRACK500_20160328_153813_1281_1081.jpg,0.8626624214781108,0.8626624214781108,0.9262681326802602,0.9269409179686086,0.9262110806563006,0.9263251917328591,0.9262681276801176,0.8638204242410907,0.8649784270040708,0.8626624214781108
CRACK500_20160328_153813_1921_361.jpg,0.8817180890766105,0.8817180890766105,0.9371415348505088,0.9419708251951688,0.9385532196653075,0.9357340903086427,0.937141529850365,0.8897255839202267,0.8977330787638429,0.8817180890766105
CRACK500_20160328_153813_1_1.jpg,0.8806689342401548,0.8806689342401548,0.9365486058778025,0.9229125976561092,0.9397116644820699,0.9334067694770346,0.9365486008777416,0.85092486779953,0.8211808013589051,0.8806689342401548
CRACK500_20160328_153821_1281_1081.jpg,0.8767870579380246,0.8767870579380246,0.9343490027060682,0.9400329589842316,0.934817488968801,0.9338809857740821,0.9343489977059135,0.8860911600575276,0.8953952621770308,0.8767870579380246
CRACK500_20160328_153821_1921_721.jpg,0.8925161407652575,0.8925161407652575,0.9432058427827833,0.963928222656103,0.9459785070594449,0.9404493843717048,0.9432058377825996,0.9205098021822902,0.9485034635993229,0.8925161407652575
CRACK500_20160328_153829_1_1.jpg,0.90954421308454,0.90954421308454,0.9526296451814833,0.9449157714842309,0.9549855301234005,0.9502853552539531,0.9526296401813888,0.8930352662370272,0.8765263193895144,0.90954421308454
CRACK500_20160328_153845_641_1081.jpg,0.8833056478403024,0.8833056478403024,0.9380374862181728,0.9313964843748579,0.9370818074177556,0.9389951162980607,0.9380374812180489,0.8702968056366225,0.8572879634329427,0.8833056478403024
CRACK500_20160328_153848_1_721.jpg,0.8885728040612525,0.8885728040612525,0.9409992584351895,0.9223022460936093,0.9429878544388327,0.9390190319818378,0.9409992534351028,0.8421604493629977,0.7957480946647429,0.8885728040612525
CRACK500_20160328_153848_641_1.jpg,0.8941877443359018,0.8941877443359018,0.9441384540785339,0.9314422607420454,0.9458907351583304,0.9423926532636033,0.9441384490784338,0.8656015081093233,0.8370152718827449,0.8941877443359018
CRACK500_20160328_154011_1281_1.jpg,0.8751487414184974,0.8751487414184974,0.9334179439615782,0.937561035156107,0.9391637470937627,0.9277420189536735,0.9334179389616134,0.8820565024216074,0.8889642634247175,0.8751487414184974
CRACK500_20160328_154011_1921_1.jpg,0.8473644876243692,0.8473644876243692,0.9173766122505076,0.9470214843748556,0.9194333142525666,0.9153290910813394,0.9173766072503142,0.886156033829594,0.9249475800348188,0.8473644876243692
CRACK500_20160328_154017_1281_1.jpg,0.8652347586926641,0.8652347586926641,0.9277489116695465,0.937194824218607,0.9341440135738506,0.9214407754799953,0.9277489066696181,0.8799965662549367,0.8947583738172092,0.8652347586926641
CRACK500_20160328_154017_1281_721.jpg,0.8654946610816868,0.8654946610816868,0.9278982986526899,0.9304199218748581,0.9305762582852016,0.9252357077536262,0.9278982936525847,0.8697534641540288,0.8740122672263707,0.8654946610816868
CRACK500_20160328_154017_1_1.jpg,0.8563145328824358,0.8563145328824358,0.9225963786996522,0.9292907714842332,0.926123407109012,0.9190961128857431,0.9225963736995706,0.8670533343753831,0.8777921358683305,0.8563145328824358
CRACK500_20160328_154017_641_721.jpg,0.86003723578993,0.86003723578993,0.9247527084313288,0.9219970703123593,0.9243717262077206,0.9251340048297918,0.9247527034311936,0.855115324025423,0.850193412260916,0.86003723578993
CRACK500_20160328_154159_1281_1081.jpg,0.8813945479108588,0.8813945479108588,0.9369587563539805,0.9316864013670454,0.941586007810907,0.9323767620432889,0.9369587513539693,0.8713208405579117,0.8612471332049646,0.8813945479108588
CRACK500_20160328_154159_1281_721.jpg,0.8878787115619695,0.8878787115619695,0.940609909020445,0.9320678710936078,0.9451742627343311,0.9360894270084075,0.9406099040204362,0.8704279129619146,0.8529771143618595,0.8878787115619695
CRACK500_20160328_154159_1921_721.jpg,0.8795947612220882,0.8795947612220882,0.9359408521123853,0.9448699951170434,0.9400576984717242,0.9318599067924969,0.9359408471123153,0.8936449101188737,0.9076950590156591,0.8795947612220882
CRACK500_20160328_154202_1281_1081.jpg,0.876680129775251,0.876680129775251,0.9342882847917628,0.9431610107420436,0.9363199207973494,0.932265446223928,0.9342882797916217,0.8906509085694967,0.9046216873637423,0.876680129775251
CRACK500_20160328_154318_641_361.jpg,0.9005668718975561,0.9005668718975561,0.9476823838336358,0.944061279296731,0.9506943450247816,0.9446894471787224,0.9476823788335509,0.8935921298527019,0.8866173878078475,0.9005668718975561
CRACK500_20160328_154321_1281_721.jpg,0.8989631918240995,0.8989631918240995,0.9467936984714027,0.9481048583982928,0.9509443449291503,0.9426791277255631,0.9467936934713499,0.9012760170481049,0.9035888422721104,0.8989631918240995
CRACK500_20160328_154321_641_721.jpg,0.8918387116301715,0.8918387116301715,0.9428274261939447,0.9454803466795433,0.9449897356938205,0.9406749896226122,0.9428274211938199,0.8963975262931314,0.9009563409560912,0.8918387116301715
CRACK500_20160328_154325_1281_361.jpg,0.9089682247574197,0.9089682247574197,0.9523136246785103,0.9547119140623543,0.9546450199713457,0.9499935889213521,0.952313619678387,0.9131470650248217,0.9173259052922237,0.9089682247574197
CRACK500_20160328_154325_1281_721.jpg,0.8969684848135956,0.8969684848135956,0.9456862272561536,0.9449768066404809,0.9486009548555786,0.9427893567178381,0.9456862222560585,0.8956769319770034,0.8943853791404112,0.8969684848135956
CRACK500_20160328_154325_641_721.jpg,0.9002875098590692,0.9002875098590692,0.9475276821935615,0.9402008056639191,0.9519248876810009,0.9431709137432182,0.9475276771935415,0.8851563577418073,0.8700252056245456,0.9002875098590692
CRACK500_20160328_154339_1921_1081.jpg,0.8990153138878331,0.8990153138878331,0.9468226057085227,0.9503936767576675,0.9495406824143866,0.9441200456692402,0.9468226007084087,0.9050878066951173,0.9111602995024017,0.8990153138878331
CRACK500_20160328_154339_641_361.jpg,0.9036088878612779,0.9036088878612779,0.9493640144499333,0.9490966796873552,0.9537649821583599,0.9450034750548622,0.9493640094498959,0.9031221919385626,0.9026354960158472,0.9036088878612779
CRACK500_20160328_154356_641_1.jpg,0.9094454754188314,0.9094454754188314,0.9525754855286949,0.9560699462889166,0.9570686173906997,0.9481243441759745,0.952575480528648,0.9154157637592053,0.9213860520995791,0.9094454754188314
CRACK500_20160328_154429_641_721.jpg,0.8974076695234995,0.8974076695234995,0.9459302646846237,0.9402770996092316,0.9522975077878972,0.939647601273208,0.9459302596847168,0.8861778754657859,0.8749480814080721,0.8974076695234995
CRACK500_20160328_154452_641_721.jpg,0.8498143236072017,0.8498143236072017,0.9188104046573004,0.9136047363279857,0.9201562410244931,0.9174684994269997,0.9188103996571795,0.8403946535940314,0.8309749835808613,0.8498143236072017
CRACK500_20160328_154454_1_361.jpg,0.8630244635776743,0.8630244635776743,0.9264767913142249,0.9388275146482943,0.9311387178822091,0.9218613138682766,0.9264767863141803,0.88174437420251,0.9004642848273455,0.8630244635776743
CRACK500_20160328_154535_1921_361.jpg,0.8758750495308163,0.8758750495308163,0.933830907074419,0.9426422119139187,0.9393370635310789,0.9283889258335626,0.9338309020744264,0.8897588059423962,0.9036425623539762,0.8758750495308163
CRACK500_20160328_154540_1_361.jpg,0.8936556689451786,0.8936556689451786,0.943841780320042,0.950866699218605,0.9479750560534795,0.9397443911922831,0.9438417753199723,0.9049846554304452,0.9163136419157117,0.8936556689451786
CRACK500_20160329_093920_641_721.jpg,0.8667135733730409,0.8667135733730409,0.9285983513870752,0.9335174560545451,0.929741082269245,0.927458426083237,0.9285983463869306,0.8748012550231399,0.8828889366732388,0.8667135733730409
CRACK500_20160329_094006_1281_1.jpg,0.8852983253384709,0.8852983253384709,0.9391599339372794,0.9376068115232945,0.9411624370020752,0.9371659341961822,0.9391599289371624,0.8824743333778415,0.8796503414172123,0.8852983253384709
CRACK500_20160329_094006_1281_1081.jpg,0.867057232987572,0.867057232987572,0.928795558773686,0.9324798583982953,0.9312080536909747,0.9263955317301941,0.92879555377357,0.8732030629981923,0.8793488930088126,0.867057232987572
CRACK500_20160329_094016_1281_721.jpg,0.8802094186286518,0.8802094186286518,0.9362887026389227,0.9298248291014206,0.938564088320806,0.9340243228300349,0.9362886976388226,0.8676635411826346,0.8551176637366175,0.8802094186286518
CRACK500_20160329_094016_641_361.jpg,0.8733983670221481,0.8733983670221481,0.9324214031535157,0.9368286132811071,0.9358125819131927,0.9290547134210757,0.9324213981534292,0.8807154106914814,0.8880324543608147,0.8733983670221481
CRACK500_20160329_094452_1921_1.jpg,0.8828369261145688,0.8828369261145688,0.9377731165878452,0.9456787109373558,0.9389548111586198,0.9365943926535607,0.9377731115876892,0.8954367007673787,0.9080364754201886,0.8828369261145688
CRACK500_20160329_094452_641_721.jpg,0.8917153141160608,0.8917153141160608,0.9427584663104885,0.9453735351561058,0.9439659312859198,0.941554086423001,0.942758461310346,0.8962112834620104,0.9007072528079599,0.8917153141160608
CRACK500_20160329_094507_641_361.jpg,0.9311447006808069,0.9311447006808069,0.9643448265192562,0.9648284912107903,0.9657341140747387,0.9629595304291124,0.9643448215191175,0.9320353213863903,0.9329259420919737,0.9311447006808069
CRACK500_20160329_094632_1281_361.jpg,0.8887489389663786,0.8887489389663786,0.9410980153378651,0.9380035400389194,0.9446999243259373,0.937523468414853,0.9410980103378013,0.8829590271951313,0.8771691154238839,0.8887489389663786
CRACK500_20160329_101503_1281_721.jpg,0.8931262914790042,0.8931262914790042,0.943546445368153,0.9463348388670432,0.9453522032804936,0.9417475728152322,0.9435464403680198,0.8979118800041441,0.9026974685292841,0.8931262914790042
CRACK500_20160329_101503_1921_361.jpg,0.8963571247690567,0.8963571247690567,0.9453463306688265,0.9562835693357916,0.9460501699053315,0.9446435379333036,0.9453463256686488,0.9130320880726228,0.9297070513761888,0.8963571247690567
CRACK500_20160329_101503_641_721.jpg,0.8797350445039399,0.8797350445039399,0.9360202620855016,0.9468078613279806,0.9395725865877157,0.9324946975788296,0.9360202570854013,0.8963317044878436,0.9129283644717473,0.8797350445039399
CRACK500_20160329_101511_1921_721.jpg,0.893359297643114,0.893359297643114,0.943676457770253,0.9506988525389175,0.9447139715887946,0.9426412203103215,0.9436764527700945,0.9046847958229196,0.9160102940027254,0.893359297643114
CRACK500_20160329_101524_1281_721.jpg,0.8997114405338634,0.8997114405338634,0.9472085300291958,0.9459075927732932,0.9488051552847793,0.9456172692670833,0.947208525029069,0.8973107346444116,0.8949100287549596,0.8997114405338634
CRACK500_20160329_101524_1_721.jpg,0.902961413923063,0.902961413923063,0.949006540349714,0.9561004638670416,0.9514180112300265,0.946607262826298,0.9490065353495779,0.914372490787028,0.925783567650993,0.902961413923063
CRACK500_20160329_103530_1281_721.jpg,0.9095711969584309,0.9095711969584309,0.9526444454202052,0.9506378173826675,0.9536355909847445,0.9516553579781962,0.9526444404200712,0.9057659906359415,0.9019607843134522,0.9095711969584309
CRACK500_20160329_103530_1921_1.jpg,0.8914527377945943,0.8914527377945943,0.9426116973284936,0.9553527832029792,0.9430926216636801,0.9421312632318113,0.94261169232831,0.9104784529332282,0.9295041680718621,0.8914527377945943
CRACK500_20160329_103609_1921_1081.jpg,0.8818187415340223,0.8818187415340223,0.9371983837456956,0.9414215087889188,0.9403827845438625,0.934035476718099,0.9371983787455997,0.8888777099282028,0.8959366783223833,0.8818187415340223
CRACK500_20160329_103626_641_361.jpg,0.9413500054127582,0.9413500054127582,0.9697890671832914,0.966934204101415,0.9733852009400613,0.9662194071725516,0.9697890621832246,0.9354449588109264,0.9295399122090946,0.9413500054127582
CRACK500_20160329_103807_1281_721.jpg,0.8779132954954482,0.8779132954954482,0.9349881036587784,0.9382934570311069,0.9356800411850652,0.9342971887547199,0.9349880986586309,0.8834925266152782,0.8890717577351084,0.8779132954954482
CRACK500_20160329_104024_1281_1.jpg,0.8958509244428896,0.8958509244428896,0.9450647336167978,0.9454193115232933,0.9498348408603865,0.9403422982882211,0.9450647286167787,0.8964844820096269,0.8971180395763643,0.8958509244428896
CRACK500_20160329_104024_1281_721.jpg,0.8899868247691892,0.8899868247691892,0.9417915650050915,0.9388427734373568,0.9446176256370155,0.9389823636729493,0.9417915600049995,0.8844715471996347,0.8789562696300801,0.8899868247691892
CRACK500_20160329_104035_641_361.jpg,0.8837744929526009,0.8837744929526009,0.9383017938281834,0.9484100341795428,0.9396220898355544,0.9369852030027929,0.938301788828022,0.8994411671832436,0.9151078414138863,0.8837744929526009
CRACK500_20160329_104038_641_361.jpg,0.8822921860528234,0.8822921860528234,0.9374657054737021,0.9495697021482926,0.9413306987874981,0.933632320795608,0.937465700473609,0.900606878542576,0.9189215710323286,0.8822921860528234
CRACK500_20160329_104100_1_721.jpg,0.8811647738433288,0.8811647738433288,0.9368289116354843,0.9538574218748544,0.9415889812711256,0.9321167276351296,0.9368289066354164,0.9055117585727988,0.9298587433022686,0.8811647738433288
CRACK500_20160329_104107_1_1081.jpg,0.8591066435891163,0.8591066435891163,0.9242144839314432,0.9354095458982948,0.9257226884725178,0.922711185785964,0.9242144789312909,0.8762745301015571,0.8934424166139979,0.8591066435891163
CRACK500_20160329_104117_641_361.jpg,0.9017439769864253,0.9017439769864253,0.9483337272510914,0.9499664306639176,0.9522197259750808,0.9444793170545024,0.9483337222510253,0.9046146175030443,0.9074852580196633,0.9017439769864253
CRACK500_20160329_111111_721_1921.jpg,0.9099314128941263,0.9099314128941263,0.9528419782523015,0.9499053955076676,0.952007807342073,0.9536776122833535,0.9528419732521686,0.9042536053625534,0.8985757978309806,0.9099314128941263
CRACK500_20160329_115529_1921_361.jpg,0.8876807369400398,0.8876807369400398,0.9404988031810764,0.941207885742044,0.9466239741354928,0.9344523889891876,0.9404987981811406,0.8889308629832178,0.8901809890263959,0.8876807369400398
CRACK500_20160329_115529_1921_721.jpg,0.883579217446798,0.883579217446798,0.9381917248423399,0.9446105957029809,0.940626173648489,0.9357698447739765,0.9381917198422136,0.8940088473901573,0.9044384773335166,0.883579217446798
CRACK500_20160330_160957_1921_721.jpg,0.8483994554029546,0.8483994554029546,0.9179828017402244,0.9269409179686086,0.917668413301511,0.9182974056681454,0.9179827967400678,0.8624047301535467,0.8764100049041387,0.8483994554029546
CRACK500_20160330_160957_641_1.jpg,0.8776375867935922,0.8776375867935922,0.9348317193546578,0.9308929443357955,0.9381931608130378,0.9314942792415533,0.9348317143545876,0.870305541551089,0.8629734963085857,0.8776375867935922
CRACK500_20160330_163855_641_1.jpg,0.930165149982939,0.930165149982939,0.963819235873325,0.9525756835936047,0.9619603104519772,0.9656853597086485,0.9638192308732316,0.9007054259793167,0.8712457019756944,0.930165149982939
CRACK500_20160330_163941_1281_361.jpg,0.879423772004868,0.879423772004868,0.9358440444400106,0.9292449951170457,0.9403848292734568,0.931346900558772,0.9358440394399977,0.8666099816007355,0.853796191196603,0.879423772004868
CRACK500_20160330_163941_1921_721.jpg,0.8503487634746828,0.8503487634746828,0.919122686771604,0.9279785156248584,0.919500822819213,0.9187448616056046,0.9191226817714474,0.8642176713332607,0.8780865791918385,0.8503487634746828
CRACK500_20160330_164935_641_721.jpg,0.8337700145557981,0.8337700145557981,0.909350690585663,0.9128723144529858,0.9099574251760469,0.9087447645637426,0.9093506855855209,0.8395053455258331,0.8452406764958681,0.8337700145557981
CRACK500_20160330_165333_1921_361.jpg,0.8861340069127605,0.8861340069127605,0.9396299559469711,0.9477233886717304,0.9420868520543648,0.93718584132977,0.9396299509468394,0.8990015612583929,0.9118691156040254,0.8861340069127605
CRACK500_20160330_165333_1_1081.jpg,0.8855648612072978,0.8855648612072978,0.9393098900244508,0.9522552490232923,0.9419957206765446,0.9366393315793994,0.9393098850243091,0.9049212428585103,0.9242776245097226,0.8855648612072978
CRACK500_20160330_165333_641_721.jpg,0.9036951376933887,0.9036951376933887,0.9494116151269373,0.9453582763670433,0.9511987997845979,0.9476311336714757,0.949411610126821,0.8957770461897426,0.8878589546860965,0.9036951376933887
CRACK500_20160330_165644_1921_721.jpg,0.8522860910156971,0.8522860910156971,0.9202531889103026,0.9367523193357946,0.9214764583490324,0.9190331629708646,0.9202531839101346,0.8763472742439249,0.9004084574721528,0.8522860910156971
CRACK500_20160330_170014_1281_721.jpg,0.8916633229417908,0.8916633229417908,0.9427294086932283,0.9464416503904807,0.9427909405388216,0.9426678848786325,0.9427294036930743,0.8979423390160008,0.904221355090211,0.8916633229417908
CRACK500_20160330_170014_1921_721.jpg,0.8673534461609677,0.8673534461609677,0.9289654810064286,0.9587402343748538,0.9330835400280051,0.9248836114448267,0.928965476006282,0.9054247117962979,0.9434959774316282,0.8673534461609677
CRACK500_20160330_170014_1_361.jpg,0.8914681759023967,0.8914681759023967,0.942620327700822,0.9452819824217308,0.9422886208768859,0.9429522681432458,0.9426203227006719,0.8960403433209359,0.900612510739475,0.8914681759023967
CRACK500_20160330_170201_1281_721.jpg,0.9320906910832429,0.9320906910832429,0.9648519040901319,0.9619750976561032,0.9702987149297977,0.9594659036716432,0.9648518990901536,0.9262776958542538,0.9204647006252648,0.9320906910832429
CRACK500_20160330_170308_1281_721.jpg,0.8764119139467985,0.8764119139467985,0.934135951101883,0.9457397460936058,0.9350018539114071,0.9332716506288181,0.9341359461017142,0.8941076410428316,0.9118033681388646,0.8764119139467985
CRACK500_20160330_170308_641_361.jpg,0.8804260596772159,0.8804260596772159,0.9364112512122336,0.9499816894529801,0.9396558436498716,0.9331889885551603,0.9364112462121115,0.9006236578578204,0.920821256038425,0.8804260596772159
CRACK500_20160330_170428_1_641.jpg,0.8218801199416298,0.8218801199416298,0.9022329306364697,0.9120788574217359,0.8927803895228701,0.9118877761006613,0.9022329256368772,0.8369715370304504,0.8520629541192709,0.8218801199416298
CRACK500_20160330_170507_641_721.jpg,0.8620867455259745,0.8620867455259745,0.925936181649223,0.9306182861326705,0.926736224323141,0.9251375191221803,0.9259361766490759,0.8697845146807954,0.8774822838356163,0.8620867455259745
CRACK500_20160330_170848_1_361.jpg,0.8928370786510583,0.8928370786510583,0.9433850263408238,0.976715087890476,0.9623069936414151,0.9251928394695639,0.9433850213424071,0.9319738003909024,0.9711105221307464,0.8928370786510583
CRACK500_20160330_170848_641_1.jpg,0.9108537220193862,0.9108537220193862,0.953347408567515,0.9686431884764147,0.9657345230425141,0.9412740395387361,0.9533474035681211,0.9323571917309763,0.9538606614425664,0.9108537220193862
CRACK500_20160330_170922_1921_1081.jpg,0.8708688245307743,0.8708688245307743,0.9309779639405704,0.976867675781101,0.9427385892107489,0.9195071499227272,0.9309779589409247,0.9217303335843621,0.9725918426379497,0.8708688245307743
CRACK500_20160330_170922_641_1.jpg,0.8991493034148381,0.8991493034148381,0.9468969098933805,0.9500732421873551,0.9500732779674482,0.9437417100705432,0.9468969048932828,0.904585101602795,0.910020899790752,0.8991493034148381
CRACK500_20160330_172305_1_721.jpg,0.9153598655030827,0.9153598655030827,0.9558098005386126,0.9554443359373542,0.9590609530169895,0.9525806159690651,0.9558097955385255,0.914684379551772,0.9140088936004612,0.9153598655030827
CRACK500_20160402_150105_1_1.jpg,0.8832245338841678,0.8832245338841678,0.9379917455328698,0.9241180419920465,0.9398081055417171,0.9361823929111343,0.9379917405327717,0.8525638122629982,0.8219030906418286,0.8832245338841678
CRACK500_20160402_150110_641_1081.jpg,0.8621610854636744,0.8621610854636744,0.9259790596998735,0.9102478027342361,0.9278940731397408,0.9240719344951716,0.9259790546997784,0.8287670969150351,0.7953731083663957,0.8621610854636744
CRACK500_20160402_150304_641_721.jpg,0.8318869265121722,0.8318869265121722,0.9082295577009727,0.8989105224608004,0.9071614367145645,0.909300196932042,0.9082295527008538,0.8148076894337191,0.7977284523552658,0.8318869265121722
CRACK500_20160402_150317_1_361.jpg,0.865559210526031,0.865559210526031,0.9279353940012117,0.9376373291014195,0.9290329414253684,0.9268404367731853,0.9279353890010551,0.8806800718258874,0.8958009331257437,0.865559210526031
CRACK500_20160402_150938_1921_721.jpg,0.8348855678287362,0.8348855678287362,0.9100137713946665,0.9302062988279831,0.9172318064640423,0.9029084520785076,0.9100137663947971,0.8635142798584244,0.8921429918881126,0.8348855678287362
CRACK500_20160405_171219_641_361.jpg,0.897524521251472,0.897524521251472,0.945995175503217,0.9497833251951676,0.946694255591373,0.9452971271149989,0.9459951705030646,0.9039404040119707,0.9103562867724695,0.897524521251472
CRACK500_20160405_171333_1281_721.jpg,0.817455161700094,0.817455161700094,0.8995601970564441,0.901382446288925,0.8982619490996591,0.9008622031310421,0.8995601920563145,0.8204207545942642,0.8233863474884344,0.817455161700094
CRACK500_20160405_171336_1921_721.jpg,0.8222252634457293,0.8222252634457293,0.9024408561770744,0.9207153320311096,0.9016959327626813,0.9031870114247958,0.9024408511769082,0.848516255469868,0.8748072474940067,0.8222252634457293
CRACK500_20160405_171336_1_721.jpg,0.8393088674669262,0.8393088674669262,0.9126350471226861,0.9130096435545483,0.9149766470007021,0.9103054018523095,0.912635042122579,0.8399402359090217,0.8405716043511171,0.8393088674669262
CRACK500_20160405_171353_1281_721.jpg,0.8747125722450827,0.8747125722450827,0.9331697938074434,0.9384765624998569,0.934501875642886,0.9318415041871853,0.9331697888072988,0.8834323573790421,0.8921521425130017,0.8747125722450827
CRACK500_20160405_171353_1_721.jpg,0.8736405630520956,0.8736405630520956,0.9325594036339236,0.9469909667967306,0.9317996663688823,0.9333203808039894,0.9325593986337459,0.8949819984129959,0.916323433773896,0.8736405630520956
CRACK500_20160405_171453_1921_721.jpg,0.8705949493505241,0.8705949493505241,0.9308214476392094,0.9446411132811059,0.9321367194955386,0.9295098823257056,0.9308214426390418,0.8911912696566724,0.9117875899628206,0.8705949493505241
CRACK500_20160405_171716_1_721.jpg,0.8721678321675271,0.8721678321675271,0.9317197071565569,0.944213867187356,0.9323465649992777,0.9310936916756509,0.9317197021563851,0.891050411944905,0.9099329917222828,0.8721678321675271
CRACK500_20160405_171723_641_721.jpg,0.8601013576922792,0.8601013576922792,0.9247897746382568,0.9317626953123579,0.9254123190841719,0.9241680672265801,0.9247897696381038,0.8712735377913998,0.8824457178905204,0.8601013576922792
CRACK500_20160405_172849_1921_361.jpg,0.8696905745620577,0.8696905745620577,0.9303042828525436,0.9331054687498577,0.9333014354064009,0.927326318458124,0.9303042778524474,0.8744213271960054,0.8791520798299531,0.8696905745620577
CRACK500_20160405_172849_1_1.jpg,0.8790110170209072,0.8790110170209072,0.9356102854729847,0.9348144531248574,0.9388082274649309,0.9324340563597512,0.9356102804729018,0.877590670399077,0.8761703237772469,0.8790110170209072
CRACK500_20160405_172849_641_721.jpg,0.8688365902350812,0.8688365902350812,0.9298154742633652,0.9338378906248576,0.9299961144926402,0.9296349041944169,0.9298154692632149,0.8755276556867695,0.8822187211384577,0.8688365902350812
CRACK500_20160405_172854_641_1081.jpg,0.8463849088339653,0.8463849088339653,0.9168022385630057,0.9219665527342343,0.9181764859225371,0.9154320987651346,0.9168022335628677,0.8547484382494108,0.8631119676648564,0.8463849088339653
CRACK500_20160405_172908_1281_721.jpg,0.8921029684949418,0.8921029684949418,0.9429750741362221,0.9565734863279791,0.9441479757649784,0.9418050830494529,0.9429750691360408,0.9121745648330045,0.9322461611710673,0.8921029684949418
CRACK500_20160407_163125_641_721.jpg,0.8243054937884835,0.8243054937884835,0.9036923877005617,0.9095764160154862,0.9105587214249982,0.8969288341180408,0.9036923827006993,0.8336273182242655,0.8429491426600475,0.8243054937884835
CRACK500_20160407_163130_1921_721.jpg,0.8215533592887982,0.8215533592887982,0.9020360069051868,0.9454498291014183,0.9081328625022577,0.8960204692683891,0.902036001905165,0.8743543229395346,0.927155286590271,0.8215533592887982
CRACK500_20160407_163257_1921_1081.jpg,0.8436419865377279,0.8436419865377279,0.9151906852827187,0.9475402832029804,0.9224725247397073,0.9080229086098643,0.9151906802828044,0.8852356274151068,0.9268292682924857,0.8436419865377279
CRACK500_20160407_163515_1921_721.jpg,0.8931486050479724,0.8931486050479724,0.9435588972428713,0.9656372070311027,0.9498435765460945,0.9373568369679627,0.9435588922428537,0.9224691475315911,0.9517896900152099,0.8931486050479724
CRACK500_20160407_163522_1921_721.jpg,0.8730029628763881,0.8730029628763881,0.9321960297763858,0.9666442871092276,0.9348055987552505,0.929600989792187,0.9321960247761356,0.9148617736632474,0.9567205844501067,0.8730029628763881
CRACK500_20160407_163522_641_361.jpg,0.9268786370917527,0.9268786370917527,0.9620519105351597,0.9603118896482911,0.9701338825949772,0.9541034841992841,0.9620519055353665,0.9235050312522388,0.9201314254127249,0.9268786370917527
CRACK500_20160407_164918_1_1.jpg,0.8801918084796365,0.8801918084796365,0.9362787397647249,0.9492950439451677,0.9370873637337106,0.9354715101349061,0.936278734764549,0.8996927235379095,0.9191936385961824,0.8801918084796365
CRACK500_20160407_165009_1_361.jpg,0.8523339954594025,0.8523339954594025,0.9202811129620421,0.9364776611326696,0.9225600860013351,0.918013371537376,0.9202811079618963,0.876018829950664,0.8997036644419256,0.8523339954594025
CRACK500_20160407_165009_1_721.jpg,0.8677375256320154,0.8677375256320154,0.9291857273557595,0.9291381835936082,0.9337705721900966,0.9246456860183532,0.9291857223557385,0.8676545504285224,0.8675715752250293,0.8677375256320154
CRACK500_20160413_113422_1281_361.jpg,0.8823717318653228,0.8823717318653228,0.937510606357165,0.9269561767576711,0.9428894023734528,0.9321928298847558,0.9375106013572054,0.8603980710157211,0.8384244101661192,0.8823717318653228
CRACK500_IMG_2932_1297_485.jpg,0.8526519982990932,0.8526519982990932,0.9204664438673934,0.9153900146482978,0.9238720451467209,0.917085858008198,0.9204664388673294,0.8434386183607586,0.834225238422424,0.8526519982990932
CRACK500_IMG_2935_1_969.jpg,0.8197522484300629,0.8197522484300629,0.9009492903633226,0.9189605712889223,0.8981519354475521,0.9037641248219322,0.9009492853632031,0.8457057119583895,0.8716591754867161,0.8197522484300629
CRACK500_IMG_2937_1297_969.jpg,0.8154449472094072,0.8154449472094072,0.8983416968527304,0.9066467285154867,0.9018482684990652,0.894862288135297,0.8983416918526567,0.8282761823101834,0.8411074174109596,0.8154449472094072
CRACK500_IMG_2938_1297_485.jpg,0.7963100238856782,0.7963100238856782,0.8866064468795254,0.924530029296734,0.8791088883833239,0.8942329926463052,0.8866064418796857,0.844626873414604,0.8929437229435297,0.7963100238856782
CRACK500_IMG_2942_1945_485.jpg,0.6171901967541988,0.6171901967541988,0.7632870864452899,0.9661560058592277,0.7818102317429344,0.7456213511243837,0.7632870814472823,0.7906964540903851,0.9642027114265713,0.6171901967541988
cracktree200_6206.jpg,0.8786733062827743,0.8786733062827743,0.9354189505373407,0.9397735595701692,0.9317448417481236,0.9391221499438402,0.9354189455372653,0.8859280850375615,0.8931828637923486,0.8786733062827743
cracktree200_6219.jpg,0.6363161384963455,0.6363161384963455,0.7777422999458691,0.7238464355467645,0.7258452722061374,0.8376319339732726,0.7777422949713341,0.5509973713059115,0.4656786041154777,0.6363161384963455
cracktree200_6233.jpg,0.6346324853057812,0.6346324853057812,0.77648338817525,0.7429504394530116,0.7407660565553428,0.8158195555801111,0.7764833831867712,0.5851177588485439,0.5356030323913066,0.6346324853057812
cracktree200_6236.jpg,0.589987608426124,0.589987608426124,0.7421285616309088,0.747558593749886,0.719518829716279,0.7662053427741338,0.7421285566357302,0.5967671087900326,0.6035466091539412,0.589987608426124
cracktree200_6257.jpg,0.6199447161385031,0.6199447161385031,0.7653899666604409,0.7272644042967641,0.7162228554582106,0.8218050622918931,0.7653899616839032,0.5643154036986484,0.5086860912587937,0.6199447161385031
cracktree200_6274.jpg,0.5815646467752319,0.5815646467752319,0.7354294975687864,0.6886444091795825,0.6830114156349205,0.7965620874643158,0.7354294925981405,0.5163445140481966,0.4511243813211612,0.5815646467752319
cracktree200_6280.jpg,0.6642432741630689,0.6642432741630689,0.7982526166399683,0.7223510742186398,0.7337545862208044,0.875182339783897,0.7982526116785131,0.5241116160915582,0.3839799580200474,0.6642432741630689
cracktree200_6293.jpg,0.7646681628725867,0.7646681628725867,0.8666424418603823,0.7872009277342549,0.8008589152217449,0.9442001958616999,0.8666424368940354,0.5374945581683268,0.3103209534640669,0.7646681628725867
cracktree200_6301.jpg,0.7507222270853756,0.7507222270853756,0.8576143210738661,0.9131011962889232,0.8540484015532048,0.8612101431077774,0.8576143160737388,0.81651023000431,0.8822982329232444,0.7507222270853756
cracktree200_6303.jpg,0.6464324842506688,0.6464324842506688,0.7852523446108705,0.842422485351434,0.7746051282048104,0.7961963397146006,0.7852523396116519,0.7125421450295485,0.7786518058084282,0.6464324842506688
cracktree200_6324.jpg,0.7975013311020009,0.7975013311020009,0.8873443566387501,0.8375091552733097,0.8409833764461206,0.9391150521740922,0.8873443516538513,0.6731075753275507,0.5487138195531005,0.7975013311020009
cracktree200_6331.jpg,0.8338902900376997,0.8338902900376997,0.9094222206940822,0.839202880859247,0.8516372066066435,0.9756196518145147,0.9094222157170233,0.49989591278829504,0.16590153553889037,0.8338902900376997
cracktree200_6344.jpg,0.7749103072948724,0.7749103072948724,0.8731824972901391,0.8018341064451902,0.833892867800501,0.9163575249531848,0.8731824923011533,0.575657400838357,0.3764044943818417,0.7749103072948724
cracktree200_6358.jpg,0.7361693771532328,0.7361693771532328,0.8480386612512624,0.7744903564451944,0.8060909339691141,0.8945918389481107,0.8480386562647153,0.563965007944385,0.3917606387355372,0.7361693771532328
cracktree200_6592.jpg,0.4994445215940496,0.4994445215940496,0.6661727251677088,0.779998779296756,0.6631020972571269,0.6692719237028754,0.6661727201676616,0.6087838443746673,0.7181231671552849,0.4994445215940496
cracktree200_6623.jpg,0.5006708488956374,0.5006708488956374,0.6672627102260131,0.7898864746092545,0.6674885182496169,0.6670370549298675,0.6672627052258524,0.6172379356116984,0.7338050223277593,0.5006708488956374
cracktree200_6635.jpg,0.5015408872642079,0.5015408872642079,0.6680349386662527,0.7877502441405049,0.6637579436589852,0.6723674096845348,0.668034933666301,0.6158267106091383,0.7301125339540687,0.5015408872642079
cracktree200_6675.jpg,0.6899279702167591,0.6899279702167591,0.8165176059288081,0.7661590576170706,0.7654268333743147,0.8749166110738249,0.8165176009509868,0.6012225339520172,0.5125170976872754,0.6899279702167591
cracktree200_6712.jpg,0.7950090608321344,0.7950090608321344,0.8857994961469245,0.8118591308592512,0.8362596621312938,0.9415783877444687,0.8857994911643893,0.5495336549856038,0.30405824913907314,0.7950090608321344
cracktree200_6728.jpg,0.8922824302133252,0.8922824302133252,0.9430753210689953,0.8948974609373634,0.9048623445824497,0.9846581299829178,0.9430753160778347,0.5399612410530079,0.1876400518926906,0.8922824302133252
DeepCrack_11114.jpg,0.9818206600444718,0.9818206600444718,0.9908269500252761,0.9837188720701624,0.9917392351906874,0.9899163417104445,0.9908269450251953,0.9234640594780734,0.865107458911675,0.9818206600444718
DeepCrack_11121.jpg,0.9900482651278963,0.9900482651278963,0.9949992494923413,0.9903411865232864,0.9960615598752043,0.9939392026261887,0.9949992444922685,0.8714878327966709,0.7529274004654453,0.9900482651278963
DeepCrack_11123-3.jpg,0.9364069952303474,0.9364069952303474,0.9671592775040105,0.9487304687498552,0.9694713328367424,0.964858223799492,0.9671592725039445,0.8635957765688502,0.7907845579073531,0.9364069952303474
DeepCrack_11148.jpg,0.8123718628489197,0.8123718628489197,0.8964737088468466,0.8380126953123722,0.8608780341622602,0.9351399739581431,0.8964737038553077,0.6349821709501962,0.4575924790514727,0.8123718628489197
DeepCrack_11158.jpg,0.997231202338629,0.997231202338629,0.9986136819522302,0.9972686767576604,0.9988844473364633,0.9983430633196032,0.9986136769521534,0.9146568769627851,0.8320825515869411,0.997231202338629
DeepCrack_11162-4.jpg,0.890440855521051,0.890440855521051,0.942045716924187,0.9731903076170391,0.9408354196857682,0.9432591320424445,0.9420457119238846,0.9280809709163546,0.9657210863116581,0.890440855521051
DeepCrack_11163-1.jpg,0.9398638182520751,0.9398638182520751,0.96899979205648,0.9431304931639186,0.9514856498797839,0.9871707961900507,0.9689997870580936,0.7142025280360906,0.4885412378201063,0.9398638182520751
DeepCrack_11166-1.jpg,0.9780757529415872,0.9780757529415872,0.988916376419958,0.9792175292967257,0.9860277173735053,0.9918220103814777,0.9889163714199205,0.8464200754229247,0.7147643979042623,0.9780757529415872
DeepCrack_11167.jpg,0.8616628970398118,0.8616628970398118,0.9256916474082634,0.9141387939451731,0.9297803480472916,0.9216387493752344,0.925691642408238,0.8385462121895331,0.8154295273392542,0.8616628970398118
DeepCrack_11168.jpg,0.4821594068570849,0.4821594068570849,0.6506174769412997,0.9658966064451652,0.6332927571496249,0.6689167470245294,0.6506174719440245,0.723468798062459,0.9647781892678332,0.4821594068570849
DeepCrack_11169-2.jpg,0.6965077161316025,0.6965077161316025,0.8211076312930516,0.8265533447264364,0.7959420289852644,0.8479165312355041,0.8211076262979207,0.7041817649835036,0.7118558138354047,0.6965077161316025
DeepCrack_11178.jpg,0.9928545628718387,0.9928545628718387,0.9964144713511536,0.9930572509764111,0.9963595101884866,0.9964694385775311,0.9964144663510752,0.8981126746926105,0.8033707865133822,0.9928545628718387
DeepCrack_11183.jpg,0.9952239946507156,0.9952239946507156,0.9976062811182659,0.9954223632810981,0.9986102458425586,0.9966043330621588,0.9976062761181915,0.9479759946766141,0.9007279947025125,0.9952239946507156
DeepCrack_11186.jpg,0.9988724475609344,0.9988724475609344,0.9994359057575477,0.9988861083982852,0.9995981142281476,0.999273749922585,0.9994359007574708,0.957337031156962,0.9158016147529896,0.9988724475609344
DeepCrack_11189-1.jpg,0.9985240987007459,0.9985240987007459,0.9992615043770483,0.9985351562498477,0.9990770508697259,0.9994460260058476,0.9992614993769716,0.9174903287299602,0.8364565587591745,0.9985240987007459
DeepCrack_11192-1.jpg,0.6968051118208636,0.6968051118208636,0.8213142534361098,0.8551940917967445,0.8278610742073153,0.8148701662616047,0.8213142484362678,0.7398858839074149,0.7829666559939663,0.6968051118208636
DeepCrack_11215-3.jpg,0.9765762011423701,0.9765762011423701,0.9881493064400492,0.9794158935545381,0.9922023851526018,0.984129206110171,0.9881493014400459,0.9157143971061243,0.8548525930698785,0.9765762011423701
DeepCrack_11215-7.jpg,0.9658411165912888,0.9658411165912888,0.9826237821966295,0.9701995849607895,0.9879770275345772,0.9773282361684583,0.982623777196689,0.8882525990126533,0.8106640814340177,0.9658411165912888
DeepCrack_11215-8.jpg,0.9722468507952938,0.9722468507952938,0.9859281564102815,0.9746856689451638,0.9906589847610217,0.9812422968476623,0.9859281514103121,0.8743008317061018,0.7763548126169098,0.9722468507952938
DeepCrack_11222-3.jpg,0.9720187732430986,0.9720187732430986,0.9858108720177726,0.973709106445164,0.9857053456735638,0.9859164209588388,0.9858108670176915,0.8343902384336781,0.6967617036242577,0.9720187732430986
DeepCrack_11231-5.jpg,0.9952318419158623,0.9952318419158623,0.9976102235419624,0.9953460693357856,0.998807599981016,0.996415714509157,0.9976102185418915,0.916282587622365,0.8373333333288676,0.9952318419158623
DeepCrack_11247-12.jpg,0.9554397470427929,0.9554397470427929,0.9772121575085115,0.9651641845701653,0.9728134501876086,0.981650824208683,0.9772121525085163,0.9088926199787789,0.8623454929147649,0.9554397470427929
DeepCrack_11247-2.jpg,0.9960524619745753,0.9960524619745753,0.9980223275186266,0.9962615966795355,0.9987559777689998,0.9972897543031608,0.9980223225185488,0.9650695454869728,0.9340866289993702,0.9960524619745753
DeepCrack_11247-5.jpg,0.996502064097155,0.996502064097155,0.9982479678004106,0.996612548827973,0.9990364110258275,0.99746076807807,0.9982479628003349,0.9498217126748796,0.9031413612526041,0.996502064097155
DeepCrack_11266-1.jpg,0.9356195636673079,0.9356195636673079,0.9667391064126702,0.9448852539061059,0.9668459441536568,0.966632292280317,0.9667391014125813,0.8293553200118496,0.7230910763563914,0.9356195636673079
DeepCrack_11267-3.jpg,0.9794145873318971,0.9794145873318971,0.9896002521150203,0.980361938476413,0.9869445384650989,0.9922702965482106,0.9896002471149766,0.8401604658705721,0.7009063444092473,0.9794145873318971
DeepCrack_11271-2.jpg,0.9095609290484988,0.9095609290484988,0.9526388136792443,0.930603027343608,0.9508564776316002,0.9544278440862711,0.9526388086791627,0.839908773273297,0.7702566174980954,0.9095609290484988
DeepCrack_11276-1.jpg,0.7999342249504495,0.7999342249504495,0.8888482855227345,0.8886108398436144,0.875438649110442,0.9026751198389044,0.8888482805237724,0.7995489326577934,0.7991636403651373,0.7999342249504495
DeepCrack_11296-13.jpg,0.9972808903501649,0.9972808903501649,0.9986385942693526,0.9973754882810979,0.9993504950493467,0.9979277070314011,0.9986385892692762,0.9635670357115225,0.92985318107288,0.9972808903501649
DeepCrack_11296-9.jpg,0.9960120426851727,0.9960120426851727,0.9980020374478992,0.9961395263670355,0.9989565877255195,0.997049309664537,0.9980020324478249,0.9441303824991191,0.8922487223130654,0.9960120426851727
DeepCrack_11301-1.jpg,0.9977045754319342,0.9977045754319342,0.9988509689589266,0.9979553222654728,0.998902361637368,0.9987995815682612,0.998850963958841,0.9896653961754613,0.9816262169189885,0.9977045754319342
DeepCrack_11309-1.jpg,0.9857421722493971,0.9857421722493971,0.9928198998088196,0.9860687255857871,0.9913152728698875,0.9943291011623777,0.9928198948087531,0.803765866570801,0.6217895608922047,0.9857421722493971
DeepCrack_7Q3A9064-15.jpg,0.8557935735142591,0.8557935735142591,0.9222939293767132,0.9774017333982884,0.9246712256697267,0.9199288256218129,0.9222939243762622,0.9148476387844637,0.9739017040546684,0.8557935735142591
DeepCrack_7Q3A9064-6.jpg,0.9811682951642292,0.9811682951642292,0.9904946465771047,0.9850311279295373,0.9926973275324362,0.9883017189703602,0.9904946415770335,0.9565783239545036,0.9319883527447781,0.9811682951642292
DeepCrack_IMG13-1.jpg,0.9994502641784505,0.9994502641784505,0.9997250565160842,0.9994506835935976,0.999725056516008,0.999725056516008,0.999725051516008,0.7904228064740279,0.5813953487696052,0.9994502641784505
DeepCrack_IMG13-3.jpg,0.998974186238632,0.998974186238632,0.9994868299108464,0.9989776611326601,0.9995863590401999,0.9993873205996601,0.9994868249107699,0.8835701380887249,0.7681660899388177,0.998974186238632
DeepCrack_IMG14-1.jpg,0.9718616249865637,0.9718616249865637,0.9857300458323854,0.9757232666014136,0.9875280797913583,0.9839385474858574,0.9857300408323136,0.9107772933620348,0.8496929617375061,0.9718616249865637
DeepCrack_IMG14-2.jpg,0.9545209516278024,0.9545209516278024,0.9767313579655819,0.9613800048826658,0.9750729638941656,0.9783954028067599,0.9767313529655065,0.8753273304249378,0.7961337092220732,0.9545209516278024
DeepCrack_IMG27-13.jpg,0.9551071615261987,0.9551071615261987,0.9770381698981876,0.967239379882665,0.9792479526645417,0.9748383379215539,0.9770381648981086,0.9234947631578793,0.8918823647895598,0.9551071615261987
DeepCrack_IMG27-6.jpg,0.9957476635512468,0.9957476635512468,0.9978693015522881,0.9958343505857856,0.9981887169556395,0.997550090506055,0.9978692965522108,0.9130385303435838,0.8303293971359209,0.9957476635512468
DeepCrack_IMG33-10.jpg,0.9053377279340585,0.9053377279340585,0.9503173265935467,0.9325103759764203,0.949432149750651,0.9512041555168647,0.9503173215934444,0.8574891781480471,0.8096406283620359,0.9053377279340585
DeepCrack_IMG33-15.jpg,0.9198883377179685,0.9198883377179685,0.9582727491447475,0.9391326904295443,0.9573814351104745,0.9591657243370275,0.9582727441446517,0.8588647040300774,0.7978410703421863,0.9198883377179685
DeepCrack_IMG33-3.jpg,0.9686795814626149,0.9686795814626149,0.9840906469329479,0.9726409912107892,0.98383748780254,0.9843439363815351,0.9840906419328611,0.8954189416930104,0.8221583019234059,0.9686795814626149
DeepCrack_IMG36-2.jpg,0.802170283799648,0.802170283799648,0.8902269569203788,0.9963836669920355,0.9458661417229738,0.840769903754674,0.8902269519335566,0.8992500664061348,0.9963298490126216,0.802170283799648
DeepCrack_IMG6-1.jpg,0.9918813741274182,0.9918813741274182,0.9959241418801166,0.996307373046723,0.9975706862807889,0.9942830239437065,0.9959241368799624,0.9925767726904824,0.9932721712535466,0.9918813741274182
DeepCrack_IMG_6469-7.jpg,0.926446033308874,0.926446033308874,0.9618188283401901,0.9475708007811054,0.9617333333331197,0.9619043385488617,0.9618188233400833,0.8860372856811138,0.8456285380533536,0.926446033308874
DeepCrack_IMG_6472-1.jpg,0.9727985640716741,0.9727985640716741,0.9862117519630668,0.980575561523288,0.9893515299024276,0.9830918395990017,0.9862117469630104,0.9545901865833292,0.9363818090949843,0.9727985640716741
DeepCrack_IMG_6526-3.jpg,0.9894105414698889,0.9894105414698889,0.9946770873535802,0.989898681640474,0.9975324968549822,0.9918379782558302,0.9946770823535412,0.904832884092506,0.8202552267151229,0.9894105414698889
DeepCrack_IMG_6536-3.jpg,0.9760996070131167,0.9760996070131167,0.9879052690957169,0.980697631835788,0.9925457724153249,0.98330795584298,0.9879052640957318,0.9424576460781331,0.9088156851431494,0.9760996070131167
DeepCrack_IMG_6537-3.jpg,0.936752729162732,0.936752729162732,0.9673436521426202,0.9721527099607892,0.969338353953391,0.9653571428567981,0.9673436471424683,0.9446787590132789,0.9526047888638258,0.936752729162732
DeepCrack_IMG_6542-5.jpg,0.9895309165120209,0.9895309165120209,0.9947379136453264,0.989746093749849,0.9918951839588682,0.9975969844509193,0.9947379086452897,0.828346438937865,0.667161961363709,0.9895309165120209
DeepCrack_IMG_6544-3.jpg,0.9311155518982542,0.9311155518982542,0.964329194058826,0.9463500976561057,0.9575869920007742,0.9711670106461429,0.9643291890589761,0.8679453384142007,0.8047751249301472,0.9311155518982542
Eugen_Muller_7723_281_38_304_312.jpg,0.9976203807389267,0.9976203807389267,0.9988087730361496,0.9976654052732853,0.9992210988735534,0.9983967873484734,0.9988087680360727,0.9438927460015877,0.8901651112642487,0.9976203807389267
Eugen_Muller_7723_292_12_418_388.jpg,0.9971483479014015,0.9971483479014015,0.9985721380679633,0.9971923828123479,0.9986496344698653,0.9984946536925993,0.9985721330678858,0.9216510970240864,0.8461538461467714,0.9971483479014015
Eugen_Muller_7723_382_146_299_267.jpg,0.9995408702038537,0.9995408702038537,0.9997703823897836,0.9995422363279726,0.9999540680403896,0.9995867642105667,0.9997703773897073,0.9331037684160008,0.8666666666281481,0.9995408702038537
Eugen_Muller_8980a_100_47_665_631.jpg,0.9894891738489046,0.9894891738489046,0.9947168216398178,0.990081787109224,0.995655569657165,0.9937798421410021,0.9947168166397414,0.9199459678210571,0.8504027617932097,0.9894891738489046
Eugen_Muller_9360_0_0_1042_1175.jpg,0.9992368159961842,0.9992368159961842,0.9996182623300505,0.9992370605467226,0.9993435916222447,0.9998930840663185,0.9996182573299747,0.6475057319209249,0.2957746478456656,0.9992368159961842
GAPS384_test_0034_541_641.jpg,0.822126093553016,0.822126093553016,0.90238112111103,0.9159240722654853,0.8973256756277448,0.9074938531158794,0.9023811161110288,0.8423066515581519,0.8624872095632877,0.822126093553016
GAPS384_test_0203_541_641.jpg,0.96632636525669,0.96632636525669,0.9828748495985741,0.9682922363279773,0.9816936652178023,0.9840588798308552,0.9828748445985003,0.807180797803948,0.6480352303512059,0.96632636525669
GAPS384_train_0422_1_1.jpg,0.6033994334106686,0.6033994334106686,0.7526501766651476,0.9978637695310978,0.7580071174107471,0.7473684210264081,0.7526501716520997,0.8006281186463813,0.997856803882094,0.6033994334106686
GAPS384_train_0447_541_641.jpg,0.6794416023578604,0.6794416023578604,0.8091279880216794,0.9435882568357936,0.8194938297418746,0.7990211073714703,0.8091279830220617,0.8076844060315355,0.9359272097052105,0.6794416023578604
GAPS384_train_0514_541_1.jpg,0.8031612645054809,0.8031612645054809,0.8908368655820131,0.9249420166014214,0.8877438188328153,0.8939515410649858,0.890836860581876,0.8474840744609344,0.8918068844163881,0.8031612645054809
GAPS384_train_0514_541_641.jpg,0.8456624676133093,0.8456624676133093,0.9163782462422451,0.947280883788918,0.9188021743346346,0.9139670738179336,0.9163782412420581,0.8857643954844869,0.9258663233556645,0.8456624676133093
GAPS384_train_0556_541_1.jpg,0.6833773087063727,0.6833773087063727,0.8119122257047988,0.9560546874998541,0.8141453831030594,0.8096912856574057,0.8119122207043064,0.8174135363490603,0.951449763991748,0.6833773087063727
GAPS384_train_0573_1_1.jpg,0.9091016688354726,0.9091016688354726,0.9523868567880022,0.9882812499998492,0.9489745490475056,0.9558237929306175,0.9523868517874765,0.9479135515553228,0.986725434275173,0.9091016688354726
GAPS384_train_0575_1_641.jpg,0.9749877989251158,0.9749877989251158,0.9873355161543291,0.9968719482420354,0.991685281706389,0.9830237421564977,0.9873355111538155,0.9857126847609334,0.9964375705967511,0.9749877989251158
GAPS384_train_0579_541_1.jpg,0.6527695409793306,0.6527695409793306,0.7899099357706448,0.9106597900389236,0.7796430089242246,0.8004508762993233,0.7899099307712285,0.7726977415691925,0.8926259421590543,0.6527695409793306
GAPS384_train_0580_541_1.jpg,0.6646488425532959,0.6646488425532959,0.7985454055689422,0.9087066650389238,0.7876976218939898,0.809696142027443,0.7985454005696216,0.7765939544186347,0.8885390662839733,0.6646488425532959
GAPS384_train_0582_541_641.jpg,0.6941379522895308,0.6941379522895308,0.8194585940908093,0.924285888671734,0.8192797380859809,0.8196375282037851,0.8194585890905115,0.8013573225288364,0.9085766927681421,0.6941379522895308
GAPS384_train_0593_1_1.jpg,0.576736672042379,0.576736672042379,0.7315573770416849,0.996002197265473,0.7376033057698842,0.7256097560828128,0.7315573720345254,0.7863584862228652,0.9959803004033514,0.576736672042379
GAPS384_train_0597_1_641.jpg,0.9863025726569616,0.9863025726569616,0.9931040579962014,0.9976196289060978,0.99609825308061,0.990127809606884,0.9931040529958076,0.9917149015982636,0.9971272305395656,0.9863025726569616
GAPS384_train_0599_1_641.jpg,0.9841538324570602,0.9841538324570602,0.9920136396262599,0.9972839355467229,0.9950495049495993,0.9889962426185461,0.9920136346258612,0.9904433191946104,0.9967328059321605,0.9841538324570602
GAPS384_train_0621_1_1.jpg,0.8123689727378158,0.8123689727378158,0.8964719490983432,0.9972686767576604,0.9193357058016686,0.8747178329472379,0.8964719440962509,0.904802481767296,0.9972359907967763,0.8123689727378158
GAPS384_train_0645_1_641.jpg,0.6688102893675624,0.6688102893675624,0.8015414258034385,0.9984283447264102,0.7878787878489439,0.8156862744778162,0.8015414207894981,0.8336168150241408,0.9984233406807191,0.6688102893675624
GAPS384_train_0649_1_641.jpg,0.6332138590127453,0.6332138590127453,0.7754206291091776,0.9953155517576606,0.7840236686274553,0.7670043415229088,0.7754206241041073,0.8142456090128032,0.9952773590128611,0.6332138590127453
GAPS384_train_0660_1_1.jpg,0.561403508673438,0.561403508673438,0.7191011235147078,0.9996185302732851,0.7804878046876859,0.6666666665277777,0.7191011184648404,0.7805109262956071,0.9996183439177762,0.561403508673438
GAPS384_train_0660_1_641.jpg,0.7250608272417876,0.7250608272417876,0.8406205923777108,0.996551513671723,0.825484764531503,0.8563218390681563,0.8406205873734636,0.8607903458659665,0.9965198644901453,0.7250608272417876
GAPS384_train_0662_1_641.jpg,0.7142857142219388,0.7142857142219388,0.8333333332899305,0.9995117187498476,0.8421052630692522,0.8247422679562122,0.8333333282470704,0.8568984180984267,0.9995111219749145,0.7142857142219388
GAPS384_train_0664_541_641.jpg,0.6795774647868917,0.6795774647868917,0.809224318656976,0.9819488525389127,0.8070119009301802,0.811448900385474,0.8092243136557087,0.8304038655902519,0.9812302663936121,0.6795774647868917
GAPS384_train_0680_541_641.jpg,0.672549019607149,0.672549019607149,0.8042203985927042,0.9515838623045424,0.8182046453222621,0.7907061392856215,0.8042203935936686,0.8093933359442287,0.9462376522813084,0.672549019607149
GAPS384_train_0683_541_1.jpg,0.6539370078735867,0.6539370078735867,0.7907641037844994,0.9195251464842348,0.7938505655561623,0.7877015491615652,0.7907640987842613,0.7795148418888443,0.905092675904102,0.6539370078735867
GAPS384_train_0695_1_641.jpg,0.6485809682750536,0.6485809682750536,0.7868354430339908,0.993576049804536,0.7888324873016362,0.784848484840557,0.7868354380300387,0.8210399706953031,0.9934989731155526,0.6485809682750536
GAPS384_train_0701_1_641.jpg,0.6752655538592525,0.6752655538592525,0.8061594202825529,0.9967346191404729,0.8286778398355926,0.7848324514852764,0.806159415278943,0.8359889244768297,0.9967122950944068,0.6752655538592525
GAPS384_train_0701_541_1.jpg,0.6575435143608723,0.6575435143608723,0.7933951762520247,0.9150390624998604,0.7858718024104778,0.8010639892096499,0.7933951712521886,0.7780105209692139,0.8984775275775553,0.6575435143608723
GAPS384_train_0701_541_641.jpg,0.693389004870777,0.693389004870777,0.8189364674937047,0.9327697753904827,0.8218409765747098,0.8160524160517476,0.8189364624934306,0.8070522365460089,0.9207154682212408,0.693389004870777
GAPS384_train_0953_1_1.jpg,0.7083195227038909,0.7083195227038909,0.8292588280941474,0.9597167968748536,0.8207655869916518,0.8379296823933631,0.8292588230941464,0.8318341799565159,0.9553488372091408,0.7083195227038909
GAPS384_train_0995_1_1.jpg,0.8174442190666055,0.8174442190666055,0.8995535714283707,0.9313354492186079,0.8974301875023839,0.9016870273410741,0.8995535664281978,0.8591473507970293,0.9008504825274533,0.8174442190666055
GAPS384_train_1012_1_1.jpg,0.8428375912406012,0.8428375912406012,0.9147171679661708,0.9264068603514212,0.8959127121576391,0.9343279268861994,0.9147171629682118,0.8606313186218788,0.8784250460031564,0.8428375912406012
GAPS384_train_1015_1_641.jpg,0.7861095516875563,0.7861095516875563,0.8802478559557809,0.9593048095701662,0.8746319264737443,0.8859363702088883,0.8802478509555919,0.8691286266349512,0.9521477015823462,0.7861095516875563
GAPS384_train_1019_1_641.jpg,0.7610901710633409,0.7610901710633409,0.8643398090215869,0.9622802734373532,0.8645295861226648,0.864150115219067,0.8643398040211128,0.8591094531284034,0.9571287351934658,0.7610901710633409
GAPS384_train_1048_541_1.jpg,0.6248593925724136,0.6248593925724136,0.7691242644487051,0.9898223876951615,0.7731384829452114,0.7651515151462456,0.7691242594461778,0.8072531343924552,0.9896468762124968,0.6248593925724136
GAPS384_train_1055_1_641.jpg,0.7439673307749735,0.7439673307749735,0.8531895267147852,0.9684295654295397,0.8531289910588149,0.8532500709610371,0.8531895217141799,0.8546041210019477,0.965240911228922,0.7439673307749735
GAPS384_train_1092_541_1.jpg,0.7540544489354921,0.7540544489354921,0.859784540204115,0.9229431152342342,0.8538105216715265,0.8658427468958361,0.8597845352041209,0.8265806977859389,0.8991069466363857,0.7540544489354921
GAPS384_train_1117_1_641.jpg,0.749999999375,0.749999999375,0.8571428567346938,0.99995422363266,0.9999999988888888,0.749999999375,0.8571428514285714,0.8749771083601845,0.9999542173453692,0.749999999375
GAPS384_train_1163_541_1.jpg,0.7065861440287678,0.7065861440287678,0.8280697068836121,0.9214172363279844,0.8209439332754214,0.8353202667199869,0.8280697018837124,0.804830693876007,0.9030752437232463,0.7065861440287678
GAPS384_train_1175_541_1.jpg,0.6679756528564251,0.6679756528564251,0.8009417304293502,0.9225921630857967,0.7823687236483078,0.8204180064302086,0.8009417254318537,0.7881447033484269,0.9083137538404287,0.6679756528564251
GAPS384_train_1181_541_641.jpg,0.6558247903069376,0.6558247903069376,0.7921427365335779,0.9436492919920435,0.7896095152594371,0.7946922642565841,0.7921427315331836,0.7963477530227541,0.9368707157385705,0.6558247903069376
GAPS384_train_1230_1_1.jpg,0.8531907510801384,0.8531907510801384,0.9207802818817797,0.9289855957029833,0.9173450006780228,0.9242413887366989,0.9207802768816931,0.8661365431462842,0.8790823352124298,0.8531907510801384
GAPS384_train_1248_541_641.jpg,0.9855761646117993,0.9855761646117993,0.9927356927196894,0.9902343749998489,0.9931415075055089,0.9923302094440555,0.9927356877195777,0.9781125491710749,0.9706489337303505,0.9855761646117993
GAPS384_train_1301_1_1.jpg,0.8761226910690133,0.8761226910690133,0.9339716376116098,0.9442291259764185,0.9322033898301723,0.9357466063345029,0.9339716326114592,0.8920123610058432,0.9079020309426731,0.8761226910690133
GAPS384_train_1337_541_1.jpg,0.8104372162869686,0.8104372162869686,0.8952944725132164,0.9152526855467353,0.8972566505437963,0.8933408577874743,0.8952944675130715,0.8387688940901156,0.8671005718932625,0.8104372162869686
GAPS384_train_1345_1_1.jpg,0.7955488889661299,0.7955488889661299,0.8861344782699889,0.9105682373045486,0.8821754603122071,0.890129190897744,0.8861344732699176,0.8291926518314311,0.8628364146967323,0.7955488889661299
GAPS384_train_1362_541_1.jpg,0.7610478638753168,0.7610478638753168,0.8643125260668094,0.9106445312498611,0.8625138734735189,0.866118696015201,0.8643125210666307,0.8180732547486986,0.8750986456220806,0.7610478638753168
GAPS384_train_1364_1_1.jpg,0.8370164864948382,0.8370164864948382,0.9112781432810403,0.9220123291014218,0.9080153596011664,0.9145644599299949,0.9112781382809467,0.8534629367924113,0.8699093870899843,0.8370164864948382
GAPS384_train_1366_541_1.jpg,0.7838294279076828,0.7838294279076828,0.878816568047164,0.9062499999998618,0.8779507389159101,0.8796841066136704,0.8788165630469955,0.8208989480838453,0.8579684682600079,0.7838294279076828
GAPS384_train_1380_1_1.jpg,0.8285276686419296,0.8285276686419296,0.9062238246110736,0.9214172363279844,0.9012023757783205,0.9113015454475532,0.9062238196110638,0.8509213173475227,0.873314966053116,0.8285276686419296
GAPS384_valid_0016_541_1.jpg,0.8206989567214801,0.8206989567214801,0.9015207634317615,0.931030273437358,0.8984670169796767,0.9045953390752898,0.9015207584316227,0.8599559180333047,0.8992128793451293,0.8206989567214801
noncrack_noncrack_concrete_wall_102_7.jpg.jpg,0.9965686729109097,0.9965686729109097,0.9982813878953196,0.996612548827973,0.9984205147262228,0.9981422998326525,0.9982813828952424,0.8935673553196504,0.790566037728391,0.9965686729109097
noncrack_noncrack_concrete_wall_11_1.jpg.jpg,0.4679972470734068,0.4679972470734068,0.6375996249399025,0.976409912109226,0.6683046683013842,0.609592111158182,0.6375996199489624,0.7219536222900554,0.9759099975067042,0.4679972470734068
noncrack_noncrack_concrete_wall_12_1.jpg.jpg,0.9598764850970685,0.9598764850970685,0.979527528796824,0.967483520507665,0.9766657726347798,0.9824061048694464,0.9795275237967729,0.9067381875880871,0.8535998900791057,0.9598764850970685
noncrack_noncrack_concrete_wall_13_0.jpg.jpg,0.9839294463496678,0.9839294463496678,0.9918996344956212,0.9849853515623498,0.9901715863518195,0.9936337247656364,0.9918996294955549,0.8989590520965598,0.8139886578434519,0.9839294463496678
noncrack_noncrack_concrete_wall_14_2.jpg.jpg,0.9809231728868246,0.9809231728868246,0.9903697289353355,0.9832000732420375,0.9899281330324031,0.9908117189959413,0.9903697239352499,0.9287670890765645,0.8766110052663043,0.9809231728868246
noncrack_noncrack_concrete_wall_14_3.jpg.jpg,0.9803293607040514,0.9803293607040514,0.9900669859841116,0.9828491210936001,0.9905221650485403,0.9896122250682821,0.9900669809840252,0.9311248652449335,0.8819203697858158,0.9803293607040514
noncrack_noncrack_concrete_wall_14_33.jpg.jpg,0.9835572255102442,0.9835572255102442,0.9917104612469518,0.9849090576170373,0.9916190348478869,0.9918019045062716,0.9917104562468689,0.9142343129269546,0.8449114003436649,0.9835572255102442
noncrack_noncrack_concrete_wall_14_4.jpg.jpg,0.9821139871681929,0.9821139871681929,0.9909762945281666,0.9839630126951624,0.9909677862488855,0.9909848029533801,0.9909762895280817,0.9239090252727844,0.8657040633773758,0.9821139871681929
noncrack_noncrack_concrete_wall_15_9.jpg.jpg,0.9993884446617336,0.9993884446617336,0.9996941288022849,0.9993896484373476,0.9998470410081528,0.9995412633605518,0.9996941238022087,0.8813510270420113,0.7633136094222891,0.9993884446617336
noncrack_noncrack_concrete_wall_16_2.jpg.jpg,0.9997863378302607,0.9997863378302607,0.9998931575010302,0.9997863769529725,0.9998473748472223,0.9999389443476204,0.9998931525009541,0.7306623995956038,0.46153846136094673,0.9997863378302607
noncrack_noncrack_concrete_wall_18_17.jpg.jpg,0.9940298963246463,0.9940298963246463,0.9970060109498069,0.9940338134764108,0.9944398619129022,0.9995854381303261,0.997006005949764,0.5465541186680941,0.09907834101154198,0.9940298963246463
noncrack_noncrack_concrete_wall_18_2.jpg.jpg,0.9954346963079068,0.9954346963079068,0.9977121257335355,0.9954376220701606,0.9958148131175066,0.9996166819992335,0.9977121207334775,0.5593009258647574,0.123167155421608,0.9954346963079068
noncrack_noncrack_concrete_wall_19_3.jpg.jpg,0.9978386625133498,0.9978386625133498,0.9989181621483233,0.9979248046873478,0.9989181621482438,0.9989181621482438,0.9989181571482438,0.9741740619681916,0.9505094614230332,0.9978386625133498
noncrack_noncrack_concrete_wall_20_14.jpg.jpg,0.9967890399227846,0.9967890399227846,0.9983919382503524,0.9967956542967229,0.9976585455434321,0.9991264100047513,0.9983919332502786,0.6940466938687646,0.39130434781474477,0.9967890399227846
noncrack_noncrack_concrete_wall_20_16.jpg.jpg,0.9957261029410239,0.9957261029410239,0.9978584751421161,0.9957427978514106,0.9970854872603585,0.9986326624671995,0.9978584701420425,0.7371153879146382,0.47850467288825227,0.9957261029410239
noncrack_noncrack_concrete_wall_20_31.jpg.jpg,0.9939591435201448,0.9939591435201448,0.9969704211345121,0.9940032958982858,0.9960720282196281,0.9978704360974974,0.9969704161344394,0.771635535059675,0.5493119265992051,0.9939591435201448
noncrack_noncrack_concrete_wall_20_41.jpg.jpg,0.9921100889154467,0.9921100889154467,0.9960394201462788,0.9921874999998487,0.9947466819114361,0.9973355227485946,0.9960394151462103,0.7744100228102917,0.5567099567051368,0.9921100889154467
noncrack_noncrack_concrete_wall_20_50.jpg.jpg,0.9918092100197085,0.9918092100197085,0.9958877637782333,0.9918823242185987,0.9951185602840821,0.9966581573449376,0.9958877587781595,0.7577667357147615,0.5237242614098145,0.9918092100197085
noncrack_noncrack_concrete_wall_20_51.jpg.jpg,0.9946795423789835,0.9946795423789835,0.9973326754959992,0.9947204589842232,0.9969484002217809,0.997717247123269,0.9973326704959232,0.793810359421298,0.5929411764636124,0.9946795423789835
noncrack_noncrack_concrete_wall_20_55.jpg.jpg,0.9962490048378657,0.9962490048378657,0.9981209783183141,0.9962615966795355,0.997577764491101,0.9986647840632005,0.9981209733182391,0.7346836421987918,0.47311827955971786,0.9962490048378657
noncrack_noncrack_concrete_wall_20_6.jpg.jpg,0.9911267758040794,0.9911267758040794,0.9955436166577905,0.9912414550779738,0.9944164404806524,0.9966733510545793,0.9955436116577198,0.7935929445501887,0.596059113296298,0.9911267758040794
noncrack_noncrack_concrete_wall_21_0.jpg.jpg,0.9989312813934565,0.9989312813934565,0.9994653550042009,0.9989318847654726,0.9999999999998472,0.9989312813934565,0.999465350004126,0.6723628369422519,0.34579439249104726,0.9989312813934565
noncrack_noncrack_concrete_wall_22_3.jpg.jpg,0.9722280400448321,0.9722280400448321,0.9859184843784411,0.9898834228514115,0.9895966572861816,0.9822675525832738,0.9859184793783008,0.9782819546251444,0.9843358692054567,0.9722280400448321
noncrack_noncrack_concrete_wall_22_7.jpg.jpg,0.970719688287319,0.970719688287319,0.9851423254729204,0.9922027587889112,0.9880438586253423,0.9822577839618587,0.985142320472677,0.98010210157745,0.9894845148675812,0.970719688287319
noncrack_noncrack_concrete_wall_22_9.jpg.jpg,0.970719688287319,0.970719688287319,0.9851423254729204,0.9922027587889112,0.9880438586253423,0.9822577839618587,0.985142320472677,0.98010210157745,0.9894845148675812,0.970719688287319
noncrack_noncrack_concrete_wall_24_22.jpg.jpg,0.9963367167822642,0.9963367167822642,0.9981649973238781,0.996337890624848,0.9966866182127594,0.999647768691078,0.9981649923238128,0.538398243447062,0.08045977011185977,0.9963367167822642
noncrack_noncrack_concrete_wall_24_23.jpg.jpg,0.9946698026756378,0.9946698026756378,0.997327779606824,0.9946746826170357,0.994988923687878,0.9996776570269235,0.9973277746067754,0.5706845345878593,0.1466992665000807,0.9946698026756378
noncrack_noncrack_concrete_wall_24_31.jpg.jpg,0.9960457411562015,0.9960457411562015,0.9980189537933595,0.9960479736326605,0.9963651913618321,0.9996782151666387,0.9980189487932971,0.5605228705759893,0.12499999999577702,0.9960457411562015
noncrack_noncrack_concrete_wall_24_39.jpg.jpg,0.990282361569339,0.990282361569339,0.9951174573928301,0.9902954101560989,0.9911304135060878,0.9991367083922738,0.9951174523928348,0.5559146614468136,0.12154696132428802,0.990282361569339
noncrack_noncrack_concrete_wall_25_4.jpg.jpg,0.9907902414406032,0.9907902414406032,0.9953738177093272,0.9910888671873488,0.9965737671111786,0.9941767544899132,0.9953738127092556,0.8876062687439553,0.7844222960473074,0.9907902414406032
noncrack_noncrack_concrete_wall_25_5.jpg.jpg,0.9900463978931296,0.9900463978931296,0.9949983065131506,0.9903106689451614,0.9967805570897188,0.9932224179140469,0.9949983015130882,0.8613389884187066,0.7326315789442837,0.9900463978931296
noncrack_noncrack_concrete_wall_27_2.jpg.jpg,0.8171776375094293,0.8171776375094293,0.8993921349697316,0.9876251220701618,0.936692506457528,0.8649486995923051,0.8993921299765446,0.9020390941499605,0.9869005507904918,0.8171776375094293
noncrack_noncrack_concrete_wall_27_6.jpg.jpg,0.8171776375094293,0.8171776375094293,0.8993921349697316,0.9876251220701618,0.936692506457528,0.8649486995923051,0.8993921299765446,0.9020390941499605,0.9869005507904918,0.8171776375094293
noncrack_noncrack_concrete_wall_29_5.jpg.jpg,0.959021676447478,0.959021676447478,0.9790822510821663,0.9631347656248531,0.9753833945727932,0.9828092680466214,0.9790822460821537,0.8451990748255116,0.7313764732035453,0.959021676447478
noncrack_noncrack_concrete_wall_31_0.jpg.jpg,0.8301886792443669,0.8301886792443669,0.9072164948448138,0.9765167236326635,0.9105651700339942,0.9038923594414897,0.9072164898443346,0.901829842621479,0.9734710059985912,0.8301886792443669
noncrack_noncrack_concrete_wall_31_4.jpg.jpg,0.8762418024797894,0.8762418024797894,0.9340393133994552,0.9709167480467269,0.9297278677224046,0.9383909324797034,0.9340393083992395,0.9198084168524923,0.963375031225195,0.8762418024797894
noncrack_noncrack_concrete_wall_31_9.jpg.jpg,0.8555685301409607,0.8555685301409607,0.922163225171712,0.9698028564451645,0.9335828621478588,0.9110195834621455,0.9221632201720974,0.9093965148984993,0.963224499656038,0.8555685301409607
noncrack_noncrack_concrete_wall_34_3.jpg.jpg,0.9887102292164046,0.9887102292164046,0.9943230689832355,0.9889221191404741,0.9947275372747478,0.9939189294813122,0.9943230639831586,0.8087722925207053,0.628834355825006,0.9887102292164046
noncrack_noncrack_concrete_wall_34_7.jpg.jpg,0.9927356293472874,0.9927356293472874,0.9963545738101286,0.9928131103514111,0.9958689833365315,0.9968406380670596,0.9963545688100527,0.7950857633890394,0.5974358974307912,0.9927356293472874
noncrack_noncrack_concrete_wall_35_0.jpg.jpg,0.9969355385135057,0.9969355385135057,0.9984654179229163,0.9969635009764104,0.9969508908632988,0.999984553598857,0.998465412922851,0.8736246073950822,0.7503136762766586,0.9969355385135057
noncrack_noncrack_concrete_wall_38_2.jpg.jpg,0.9961051758926036,0.9961051758926036,0.9980487881327923,0.9962005615232855,0.9973219739086657,0.9987766624841596,0.9980487831327168,0.9309004843840967,0.8656957928755896,0.9961051758926036
noncrack_noncrack_concrete_wall_38_5.jpg.jpg,0.9937154621300879,0.9937154621300879,0.9968478260868792,0.9938049316404735,0.9955492835430502,0.9981497605570935,0.9968478210868104,0.8452520551849215,0.6967886482397552,0.9937154621300879
noncrack_noncrack_concrete_wall_40_3.jpg.jpg,0.9753166402123392,0.9753166402123392,0.9875040997047403,0.976745605468601,0.9832794487441653,0.9917652096575988,0.9875040947047516,0.844371370124303,0.7134261000362666,0.9753166402123392
noncrack_noncrack_concrete_wall_41_0.jpg.jpg,0.9726963059706362,0.9726963059706362,0.9861592005080937,0.9763946533201635,0.9864504465802169,0.9858681263638178,0.986159195508006,0.9121443924323386,0.851592478894041,0.9726963059706362
noncrack_noncrack_concrete_wall_41_21.jpg.jpg,0.972368769298461,0.972368769298461,0.9859908394760444,0.9761047363279761,0.9879174658944504,0.9840717130049492,0.9859908344759754,0.9110908774080059,0.8498129855175507,0.972368769298461
noncrack_noncrack_concrete_wall_41_26.jpg.jpg,0.976737816880749,0.976737816880749,0.9882320341521273,0.9792633056639131,0.9878642037288597,0.9886001385999674,0.9882320291520427,0.9081824557610969,0.8396270946414448,0.976737816880749
noncrack_noncrack_concrete_wall_41_27.jpg.jpg,0.9747819654927538,0.9747819654927538,0.9872299651567085,0.9776306152342259,0.9872815652384294,0.9871783704682705,0.9872299601566226,0.9047435591355781,0.8347051527784025,0.9747819654927538
noncrack_noncrack_concrete_wall_41_37.jpg.jpg,0.9860317047815447,0.9860317047815447,0.9929667310019143,0.9868774414060995,0.9931454185546497,0.9927881077366772,0.9929667260018333,0.9039520578580239,0.8218724109345031,0.9860317047815447
noncrack_noncrack_concrete_wall_41_47.jpg.jpg,0.9734959663952453,0.9734959663952453,0.9865700087276253,0.976989746093601,0.9869919278673913,0.9861484501573903,0.9865700037275384,0.9124403060512486,0.8513846457072519,0.9734959663952453
noncrack_noncrack_concrete_wall_41_48.jpg.jpg,0.9780047793744778,0.9780047793744778,0.988880097330969,0.980056762695163,0.9885184555194781,0.9892420038468366,0.9888800923308857,0.9009414814532921,0.8238781835321064,0.9780047793744778
noncrack_noncrack_concrete_wall_41_53.jpg.jpg,0.9764912099807571,0.9764912099807571,0.9881057958160756,0.9791259765623507,0.9879340021209403,0.9882776492684857,0.9881057908159899,0.9097422192444569,0.8429932285081567,0.9764912099807571
noncrack_noncrack_concrete_wall_41_62.jpg.jpg,0.9805595779030009,0.9805595779030009,0.9901843790442384,0.9821777343748501,0.9905006893303423,0.9898682707169518,0.9901843740441558,0.9021022259129804,0.8236448739229599,0.9805595779030009
noncrack_noncrack_concrete_wall_41_68.jpg.jpg,0.9801310116638849,0.9801310116638849,0.9899658213425891,0.9818572998045377,0.9895900118101925,0.9903419164202634,0.9899658163425065,0.9036932844162608,0.8272555571686369,0.9801310116638849
noncrack_noncrack_concrete_wall_42_3.jpg.jpg,0.9986825778579638,0.9986825778579638,0.9993408547427035,0.9986877441404727,0.9994940667830314,0.9991876896666464,0.999340849742627,0.873976857431179,0.7492711370043944,0.9986825778579638
noncrack_noncrack_concrete_wall_42_5.jpg.jpg,0.9986372892773042,0.9986372892773042,0.9993181800769921,0.9986419677732852,0.9994483434979621,0.9991880505551898,0.9993181750769158,0.857598899404312,0.7165605095313197,0.9986372892773042
noncrack_noncrack_concrete_wall_42_6.jpg.jpg,0.99718981386448,0.99718981386448,0.9985929298677514,0.9972839355467229,0.9987982099652116,0.9983877341340397,0.9985929248676728,0.9610896393365278,0.9249894648085757,0.99718981386448
noncrack_noncrack_concrete_wall_43_11.jpg.jpg,0.9989618003601639,0.9989618003601639,0.9994806305755072,0.9989624023435976,0.9991295982407197,0.9998319096589295,0.9994806255754315,0.6787261831820399,0.358490566003916,0.9989618003601639
noncrack_noncrack_concrete_wall_43_2.jpg.jpg,0.9936792204370334,0.9936792204370334,0.996829590488694,0.9937744140623485,0.9961020002483234,0.9975582444242438,0.9968295854886192,0.8506030510761958,0.7075268817153583,0.9936792204370334
noncrack_noncrack_concrete_wall_43_20.jpg.jpg,0.9928325826914955,0.9928325826914955,0.9964034021870396,0.9932250976560985,0.9960483910147868,0.9967586665152429,0.9964033971869596,0.9413704197850115,0.8899082568785274,0.9928325826914955
noncrack_noncrack_concrete_wall_43_36.jpg.jpg,0.9926427635420527,0.9926427635420527,0.9963077995752389,0.9928894042967236,0.9957082224754537,0.9969080991943622,0.9963077945751617,0.9088260757236644,0.825009387905276,0.9926427635420527
noncrack_noncrack_concrete_wall_43_45.jpg.jpg,0.9954590933578088,0.9954590933578088,0.9977243799898949,0.9954986572264106,0.9970398692607387,0.9984098312566968,0.9977243749898205,0.8274062210399935,0.6593533487221783,0.9954590933578088
noncrack_noncrack_concrete_wall_43_47.jpg.jpg,0.9910788550923932,0.9910788550923932,0.9955194416912269,0.9916534423826612,0.9957070293296747,0.995331924720981,0.9955194366911455,0.9381778503640602,0.8852768456357272,0.9910788550923932
noncrack_noncrack_concrete_wall_45_12.jpg.jpg,0.8401699497869137,0.8401699497869137,0.9131438646568518,0.9684295654295397,0.9076191270959628,0.918736273018315,0.9131438596566539,0.9011588863459851,0.9621478229050564,0.8401699497869137
noncrack_noncrack_concrete_wall_45_16.jpg.jpg,0.8401699497869137,0.8401699497869137,0.9131438646568518,0.9684295654295397,0.9076191270959628,0.918736273018315,0.9131438596566539,0.9011588863459851,0.9621478229050564,0.8401699497869137
noncrack_noncrack_concrete_wall_48_11.jpg.jpg,0.8588756460287188,0.8588756460287188,0.9240807989104717,0.897918701171738,0.9167360907840235,0.9315441462463836,0.9240807939106878,0.7946729062098934,0.7304701663910679,0.8588756460287188
noncrack_noncrack_concrete_wall_48_7.jpg.jpg,0.8385607081006258,0.8385607081006258,0.9121925693353071,0.8975830078123631,0.9129569498269319,0.9114294677400107,0.9121925643351915,0.8098646002682346,0.7811684924358434,0.8385607081006258
noncrack_noncrack_concrete_wall_49_5.jpg.jpg,0.9542277448789837,0.9542277448789837,0.9765778296613782,0.9568328857420415,0.9719027059093353,0.9812981481171726,0.9765778246614131,0.7614559977630406,0.5686842506470976,0.9542277448789837
noncrack_noncrack_concrete_wall_50_1.jpg.jpg,0.8066976646983925,0.8066976646983925,0.8930079231967808,0.9435424804686061,0.8924917634813637,0.8935246802841886,0.8930079181965241,0.8664189990324056,0.9261403333664187,0.8066976646983925
noncrack_noncrack_concrete_wall_51_7.jpg.jpg,0.9499208426219024,0.9499208426219024,0.9743173382819171,0.976348876952976,0.9765178690045913,0.9721267028167663,0.9743173332817809,0.9535130710963453,0.9571052995707882,0.9499208426219024
noncrack_noncrack_concrete_wall_52_2.jpg.jpg,0.9756620428749819,0.9756620428749819,0.9876811131677149,0.9793853759764131,0.9879063149828559,0.987456014002409,0.9876811081676252,0.9284568454680433,0.8812516480611046,0.9756620428749819
noncrack_noncrack_concrete_wall_53_3.jpg.jpg,0.9895051089497431,0.9895051089497431,0.9947248735361142,0.989593505859224,0.9932958477507117,0.9961580170408991,0.9947248685360476,0.7184154394001255,0.4473257698505079,0.9895051089497431
noncrack_noncrack_concrete_wall_54_14.jpg.jpg,0.9507987453495969,0.9507987453495969,0.9747789182417247,0.9588317871092288,0.9704968076985704,0.9790989840564536,0.9747789132417309,0.8747127030223134,0.7986266606950301,0.9507987453495969
noncrack_noncrack_concrete_wall_54_16.jpg.jpg,0.9477690451139824,0.9477690451139824,0.9731842155428848,0.9613647460936033,0.9703068572995354,0.9760786896388486,0.9731842105428259,0.9092630126797846,0.8707569802455868,0.9477690451139824
noncrack_noncrack_concrete_wall_54_25.jpg.jpg,0.9482152880275767,0.9482152880275767,0.9734194099129304,0.9619903564451657,0.9726617477713626,0.9741782533476487,0.9734194049128296,0.9115950963323802,0.8749749046371837,0.9482152880275767
noncrack_noncrack_concrete_wall_54_36.jpg.jpg,0.9468851930896496,0.9468851930896496,0.9727180590314836,0.9597473144529786,0.9691898687218496,0.9762720308897519,0.9727180540314494,0.9021761171843166,0.8574670412789834,0.9468851930896496
noncrack_noncrack_concrete_wall_54_40.jpg.jpg,0.9462838525756575,0.9462838525756575,0.9724006612122604,0.9597473144529786,0.9704512706995698,0.9743578991506502,0.9724006562121791,0.9039539279661593,0.8616240033566609,0.9462838525756575
noncrack_noncrack_concrete_wall_54_48.jpg.jpg,0.9507945331516896,0.9507945331516896,0.9747767045621076,0.960830688476416,0.971864101257696,0.9777068180472321,0.9747766995620568,0.8948462436058313,0.838897954059973,0.9507945331516896
noncrack_noncrack_concrete_wall_54_66.jpg.jpg,0.950058568692533,0.950058568692533,0.9743897787947202,0.9590148925779787,0.9711673699013625,0.9776336432860794,0.9743897737946825,0.8820173029068268,0.8139760371211205,0.950058568692533
noncrack_noncrack_concrete_wall_54_7.jpg.jpg,0.9414759322873761,0.9414759322873761,0.9698558881213258,0.956848144531104,0.9674017054030734,0.9723225544463502,0.9698558831212548,0.9001861250098544,0.8588963177323327,0.9414759322873761
noncrack_noncrack_concrete_wall_55_0.jpg.jpg,0.9148998606116729,0.9148998606116729,0.9555589609990657,0.9291992187498582,0.9455427715751568,0.9657896265317292,0.9555589559995352,0.80922606115151,0.703552261691347,0.9148998606116729
noncrack_noncrack_concrete_wall_55_12.jpg.jpg,0.9503114564601609,0.9503114564601609,0.9745227648767318,0.9527740478514172,0.9639925737735385,0.9852855502103992,0.9745227598772482,0.7311859978181996,0.5120605391762383,0.9503114564601609
noncrack_noncrack_concrete_wall_55_15.jpg.jpg,0.923212291447947,0.923212291447947,0.9600732020622429,0.930755615234233,0.947501866870266,0.9729826125722741,0.9600731970630386,0.7548823847907618,0.5865524781335764,0.923212291447947
noncrack_noncrack_concrete_wall_55_17.jpg.jpg,0.8479751403366383,0.8479751403366383,0.9177343588963713,0.8842926025389276,0.8995916457524992,0.9366239287847524,0.9177343538983055,0.7608351109401523,0.6736950815436663,0.8479751403366383
noncrack_noncrack_concrete_wall_55_2.jpg.jpg,0.8774448405432359,0.8774448405432359,0.9347223647746141,0.9029541015623622,0.9187111613265841,0.9513015501606671,0.9347223597760369,0.7797303698739673,0.6820158992046987,0.8774448405432359
noncrack_noncrack_concrete_wall_55_47.jpg.jpg,0.9206929872996755,0.9206929872996755,0.95870916735536,0.9298706054686081,0.9466661935344831,0.9710624977248624,0.9587091623560831,0.7716765429106659,0.6226600985216563,0.9206929872996755
noncrack_noncrack_concrete_wall_55_49.jpg.jpg,0.8854164648439569,0.8854164648439569,0.9392264057874734,0.9097595214842362,0.9245569312938164,0.9543688914875629,0.9392264007886357,0.7936433536598919,0.7018702424758271,0.8854164648439569
noncrack_noncrack_concrete_wall_55_52.jpg.jpg,0.9346265336387801,0.9346265336387801,0.9662087409510192,0.940811157226419,0.9540989247310186,0.9786299145900723,0.9662087359517406,0.7748834622749833,0.6151403909111864,0.9346265336387801
noncrack_noncrack_concrete_wall_55_6.jpg.jpg,0.8992129111454491,0.8992129111454491,0.9469321800293763,0.914810180663923,0.9306814147715979,0.9637605448492834,0.9469321750308107,0.772086582758529,0.6449602543716089,0.8992129111454491
noncrack_noncrack_concrete_wall_56_4.jpg.jpg,0.7546419098139785,0.7546419098139785,0.8601662887374931,0.9181365966795474,0.9034218450583611,0.8208635956617147,0.8601662837487313,0.8226151325351232,0.8905883552562679,0.7546419098139785
noncrack_noncrack_concrete_wall_57_12.jpg.jpg,0.9797087276916531,0.9797087276916531,0.9897503748786284,0.9822692871092251,0.989471085165872,0.99002982230126,0.9897503698785417,0.9282555512923507,0.8768023748930482,0.9797087276916531
noncrack_noncrack_concrete_wall_58_12.jpg.jpg,0.7854392820955898,0.7854392820955898,0.8798274911636436,0.8869018554686147,0.8765870836426592,0.8830919446701764,0.8798274861635692,0.7962167636683184,0.8069942452410471,0.7854392820955898
noncrack_noncrack_concrete_wall_58_14.jpg.jpg,0.7824200278161941,0.7824200278161941,0.8779300227845941,0.8806457519529907,0.8716454911679976,0.8843058350097823,0.877930017784717,0.7866601849943899,0.7909003421725859,0.7824200278161941
noncrack_noncrack_concrete_wall_58_16.jpg.jpg,0.7876081573600457,0.7876081573600457,0.8811865778495797,0.8835144042967402,0.8778256690127204,0.8845733212508563,0.8811865728495158,0.7912709709892616,0.7949337846184773,0.7876081573600457
noncrack_noncrack_concrete_wall_58_18.jpg.jpg,0.7819269930673793,0.7819269930673793,0.8776195614180391,0.8771209716795537,0.873253493013708,0.8820295078959948,0.8776195564180307,0.7811328863483729,0.7803387796293664,0.7819269930673793
noncrack_noncrack_concrete_wall_58_20.jpg.jpg,0.7871028787702756,0.7871028787702756,0.8808702488486723,0.8867034912108023,0.8802911749612364,0.8814500850910697,0.8808702438485331,0.796072116817092,0.8050413548639084,0.7871028787702756
noncrack_noncrack_concrete_wall_58_8.jpg.jpg,0.781665028779789,0.781665028779789,0.8774545339929907,0.8813476562498656,0.8726138607651717,0.8823492123860155,0.8774545289930061,0.7876943336326998,0.7937236384856107,0.781665028779789
noncrack_noncrack_concrete_wall_5_7.jpg.jpg,0.939162994761448,0.939162994761448,0.9686271832729378,0.9509124755857924,0.9647602766335837,0.9725252129636792,0.9686271782729238,0.8682522797919634,0.7973415648224786,0.939162994761448
noncrack_noncrack_concrete_wall_60_4.jpg.jpg,0.952689576100998,0.952689576100998,0.9757716615697472,0.9546661376951668,0.9696905846311864,0.9819294905460574,0.9757716565698643,0.7161416001012263,0.47959362410145456,0.952689576100998
noncrack_noncrack_concrete_wall_61_10.jpg.jpg,0.9983310110396733,0.9983310110396733,0.9991648085571877,0.9983367919920352,0.9991418413630933,0.9991877768070435,0.9991648035571111,0.8369631245574022,0.6755952380751311,0.9983310110396733
noncrack_noncrack_concrete_wall_61_12.jpg.jpg,0.9969380846871928,0.9969380846871928,0.9984666949184422,0.9969635009764104,0.9981821262958516,0.9987514258407069,0.9984666899183656,0.864552487829921,0.7321668909726492,0.9969380846871928
noncrack_noncrack_concrete_wall_61_2.jpg.jpg,0.9990502159991117,0.9990502159991117,0.999524882369994,0.9990539550779726,0.9994023446477666,0.9996474501446988,0.9995248773699176,0.9026501079869582,0.8062499999748046,0.9990502159991117
noncrack_noncrack_concrete_wall_64_3.jpg.jpg,0.9986867622580057,0.9986867622580057,0.9993429496973749,0.9986877441404727,0.9995720552047258,0.9991139491894164,0.9993429446972989,0.6808248625970412,0.36296296293607677,0.9986867622580057
noncrack_noncrack_concrete_wall_65_0.jpg.jpg,0.9999999999998475,0.9999999999998475,0.9999999999999236,0.9999999999998475,0.9999999999998475,0.9999999999998475,0.9999999949998475,0.4999999999999237,0.0,0.9999999999998475
noncrack_noncrack_concrete_wall_66_10.jpg.jpg,0.9967016951751175,0.9967016951751175,0.9983481233912644,0.9967193603514105,0.9979570833907812,0.9987394699623381,0.9983481183911885,0.8084215189601723,0.6201413427452271,0.9967016951751175
noncrack_noncrack_concrete_wall_66_13.jpg.jpg,0.9942233830079898,0.9942233830079898,0.9971033250130199,0.9942626953123483,0.996934358294795,0.9972723490158887,0.9971033200129433,0.76840122921359,0.54257907541919,0.9942233830079898
noncrack_noncrack_concrete_wall_66_20.jpg.jpg,0.9973020617765008,0.9973020617765008,0.9986492087125272,0.9973144531248479,0.9980517288986902,0.9992474043126807,0.9986492037124525,0.8141646577160174,0.631027253655534,0.9973020617765008
noncrack_noncrack_concrete_wall_66_4.jpg.jpg,0.9951436167758848,0.9951436167758848,0.997565897921693,0.9951782226560982,0.9967367043791278,0.9983964722387717,0.9975658929216197,0.7957838134926907,0.5964240102094965,0.9951436167758848
noncrack_noncrack_concrete_wall_66_6.jpg.jpg,0.9875512182914223,0.9875512182914223,0.9937366234419462,0.9878540039060993,0.9920972835392556,0.9953813899965329,0.9937366184418818,0.8272484124915962,0.6669456066917702,0.9875512182914223
noncrack_noncrack_concrete_wall_69_2.jpg.jpg,0.9973831660610496,0.9973831660610496,0.9986898688326733,0.9974060058592229,0.9996760009255574,0.9977056803657057,0.9986898638326012,0.8841363269606402,0.7708894878602306,0.9973831660610496
noncrack_noncrack_concrete_wall_72_0.jpg.jpg,0.9999999999998475,0.9999999999998475,0.9999999999999236,0.9999999999998475,0.9999999999998475,0.9999999999998475,0.9999999949998475,0.4999999999999237,0.0,0.9999999999998475
noncrack_noncrack_concrete_wall_74_2.jpg.jpg,0.9003416574511198,0.9003416574511198,0.9475576709282112,0.9078674316404866,0.9289521636210336,0.9669236905076724,0.9475576659301347,0.6753915441162714,0.45044143078142307,0.9003416574511198
noncrack_noncrack_concrete_wall_74_9.jpg.jpg,0.9142197780613254,0.9142197780613254,0.9551878927791925,0.9200286865232972,0.937591271506347,0.9734576507492204,0.9551878877808719,0.6863691100243301,0.4585184419873349,0.9142197780613254
noncrack_noncrack_concrete_wall_75_13.jpg.jpg,0.80272822665057,0.80272822665057,0.8905704307321151,0.9885253906248492,0.8720433171818979,0.9099018733246806,0.890570425733076,0.8953458022937699,0.9879633779369698,0.80272822665057
noncrack_noncrack_concrete_wall_75_2.jpg.jpg,0.80272822665057,0.80272822665057,0.8905704307321151,0.9885253906248492,0.8720433171818979,0.9099018733246806,0.890570425733076,0.8953458022937699,0.9879633779369698,0.80272822665057
noncrack_noncrack_concrete_wall_75_5.jpg.jpg,0.806887052339375,0.806887052339375,0.8931239518205624,0.9893035888670366,0.9164580725878709,0.8709485578326763,0.8931239468224422,0.8978451106569663,0.9888031689745574,0.806887052339375
noncrack_noncrack_concrete_wall_76_22.jpg.jpg,0.8677297494906485,0.8677297494906485,0.9291812691073625,0.8840637207029901,0.9073615611459375,0.9520762501430737,0.9291812641101673,0.691751561380811,0.5157733732709733,0.8677297494906485
noncrack_noncrack_concrete_wall_76_42.jpg.jpg,0.877620647890538,0.877620647890538,0.9348221099682983,0.8905334472654891,0.9116312861039602,0.9592236268037142,0.9348221049714491,0.6842145400001732,0.49080843210980846,0.877620647890538
noncrack_noncrack_concrete_wall_76_45.jpg.jpg,0.8595285043710438,0.8595285043710438,0.9244585413459588,0.8771667480467412,0.899671232876548,0.9506504033657023,0.9244585363496676,0.6825131925379682,0.5054978807048924,0.8595285043710438
noncrack_noncrack_concrete_wall_76_55.jpg.jpg,0.8699200932815134,0.8699200932815134,0.9304355800090848,0.8842468261717401,0.9069326754619567,0.9551890344929668,0.9304355750123575,0.6787455100288655,0.4875709267762175,0.8699200932815134
noncrack_noncrack_concrete_wall_77_1.jpg.jpg,0.9841108249993046,0.9841108249993046,0.9919917905791875,0.9878540039060993,0.9946335263378873,0.98936405049046,0.991991785579123,0.9675404756345611,0.9509701262698177,0.9841108249993046
noncrack_noncrack_concrete_wall_77_6.jpg.jpg,0.9847672216128034,0.9847672216128034,0.99232515620909,0.9883422851560992,0.9934828522576701,0.9911701551241213,0.9923251512089972,0.968723034776376,0.9526788479399487,0.9847672216128034
noncrack_noncrack_concrete_wall_79_6.jpg.jpg,0.9461051553177907,0.9461051553177907,0.9723063039348414,0.9775238037107884,0.9730929891239328,0.9715208896900467,0.9723062989346618,0.9544906541747276,0.9628761530316643,0.9461051553177907
noncrack_noncrack_concrete_wall_79_8.jpg.jpg,0.9437692060721259,0.9437692060721259,0.9710712600280862,0.9812927246092253,0.9695613249771617,0.9725859053736481,0.9710712550278691,0.9582499581372693,0.9727307102024128,0.9437692060721259
noncrack_noncrack_concrete_wall_84_2.jpg.jpg,0.9272183802329494,0.9272183802329494,0.96223488707167,0.9372100830076695,0.9648292997145551,0.9596543896900931,0.962234882071618,0.8066918624774089,0.6861653447218683,0.9272183802329494
noncrack_noncrack_concrete_wall_88_4.jpg.jpg,0.9402331789273495,0.9402331789273495,0.9691960627610273,0.9535369873045421,0.9661953649728785,0.9722154570545194,0.9691960577609776,0.8837728022462905,0.8273124255652314,0.9402331789273495
noncrack_noncrack_concrete_wall_89_4.jpg.jpg,0.987216913007254,0.987216913007254,0.9935673418895166,0.9873046874998493,0.9905804362906051,0.9965723148505629,0.9935673368894853,0.6691154767830693,0.35101404055888447,0.987216913007254
noncrack_noncrack_concrete_wall_8_1.jpg.jpg,0.9086712479667898,0.9086712479667898,0.9521506115154729,0.9734344482420391,0.9687377663436224,0.9361219195844487,0.952150606516677,0.9362807021763508,0.963890156385912,0.9086712479667898
noncrack_noncrack_concrete_wall_92_11.jpg.jpg,0.9363716657832651,0.9363716657832651,0.9671404331404544,0.9450378417967309,0.961090764042325,0.9732667450056968,0.9671404281405643,0.8244278507712971,0.7124840357593291,0.9363716657832651
noncrack_noncrack_concrete_wall_94_1.jpg.jpg,0.858178303937919,0.858178303937919,0.9236770250941326,0.9193878173826723,0.9218258888661952,0.9255356108856615,0.9236770200940194,0.8503981367162126,0.842617969494506,0.858178303937919
noncrack_noncrack_concrete_wall_95_1.jpg.jpg,0.9924129584805759,0.9924129584805759,0.9961920336408523,0.9925384521482861,0.9964170548189061,0.9959671140729041,0.9961920286407749,0.8407710056208056,0.6891290527610354,0.9924129584805759
noncrack_noncrack_concrete_wall_96_13.jpg.jpg,0.9990367708889231,0.9990367708889231,0.9995181533801158,0.9990386962889101,0.9996634232909554,0.9993729256838935,0.9995181483800395,0.8371472514064394,0.6752577319239558,0.9990367708889231
noncrack_noncrack_concrete_wall_96_15.jpg.jpg,0.9999694824217225,0.9999694824217225,0.999984740978027,0.9999694824217225,0.9999694824217225,0.9999999999998475,0.9999847359779508,0.4999847412108612,0.0,0.9999694824217225
noncrack_noncrack_concrete_wall_96_27.jpg.jpg,0.9998931835867426,0.9998931835867426,0.9999465889407824,0.99989318847641,0.9999389592551504,0.9999542187426941,0.9999465839407061,0.6499465916433713,0.29999999969999996,0.9998931835867426
noncrack_noncrack_concrete_wall_96_9.jpg.jpg,0.9987595902052039,0.9987595902052039,0.9993794102097747,0.9987640380857852,0.9998160412066165,0.998943160409717,0.9993794052096991,0.8712152381288096,0.7436708860524155,0.9987595902052039
noncrack_noncrack_concrete_wall_97_1.jpg.jpg,0.9999999999998475,0.9999999999998475,0.9999999999999236,0.9999999999998475,0.9999999999998475,0.9999999999998475,0.9999999949998475,0.4999999999999237,0.0,0.9999999999998475
noncrack_noncrack_concrete_wall_9_1.jpg.jpg,0.99971008300766,0.99971008300766,0.9998550204878179,0.99971008300766,0.99971008300766,0.9999999999998475,0.9998550154877418,0.49985504150383,0.0,0.99971008300766
noncrack_noncrack_concrete_wall_9_12.jpg.jpg,0.9995574883648434,0.9995574883648434,0.9997786952174511,0.9995574951170351,0.9995574883648434,0.9999999999998473,0.9997786902173751,0.5164454108435328,0.03333333332222222,0.9995574883648434
noncrack_noncrack_concrete_wall_9_21.jpg.jpg,0.9995727473867401,0.9995727473867401,0.99978632804742,0.9995727539060976,0.9995727473867401,0.9999999999998473,0.999786323047344,0.5170277529977696,0.03448275860879905,0.9995727473867401
noncrack_noncrack_concrete_wall_9_26.jpg.jpg,0.9996795605400168,0.9996795605400168,0.999839754595533,0.999679565429535,0.9997253250318929,0.9999542103574646,0.9998397495954569,0.5225670529869506,0.045454545433884296,0.9996795605400168
noncrack_noncrack_concrete_wall_9_4.jpg.jpg,0.9994354248045351,0.9994354248045351,0.9997176326934789,0.9994354248045351,0.9994354248045351,0.9999999999998473,0.9997176276934031,0.49971771240226753,0.0,0.9994354248045351
noncrack_noncrack_concrete_wall_9_5.jpg.jpg,0.9998931868465706,0.9998931868465706,0.9999465905708705,0.99989318847641,0.9999389611180798,0.9999542201399338,0.9999465855707944,0.5624465933451603,0.12499999984374999,0.9998931868465706
Rissbilder_for_Florian_9S6A2782_28_447_3483_4080.jpg,0.8255377085342573,0.8255377085342573,0.90443238140185,0.8455352783201835,0.8655295159277839,0.9469969554385065,0.9044323764118658,0.6257543943860893,0.4259710802379212,0.8255377085342573
Rissbilder_for_Florian_9S6A2782_312_1490_2152_2793.jpg,0.7804273040013072,0.7804273040013072,0.8766741582173964,0.8149566650389382,0.8339879650947442,0.9239657020362436,0.8766741532304058,0.6199198883487882,0.4594124726962691,0.7804273040013072
Rissbilder_for_Florian_9S6A2782_509_2060_3169_3055.jpg,0.7600911334724207,0.7600911334724207,0.863695201932941,0.8071899414061269,0.8239991767004582,0.9074095061082738,0.8636951969444522,0.6323002918557099,0.5045094502389991,0.7600911334724207
Rissbilder_for_Florian_9S6A2782_61_1199_3763_4322.jpg,0.7898951524292251,0.7898951524292251,0.882616114532953,0.8278503417967488,0.8450381527302921,0.9236917180250173,0.8826161095427487,0.6509702395941135,0.5120453267590017,0.7898951524292251
Rissbilder_for_Florian_9S6A2783_121_143_3484_4269.jpg,0.7175090252705962,0.7175090252705962,0.8355228586441362,0.8089599609373765,0.8148413877925448,0.857281501051152,0.8355228536472475,0.673196058758041,0.6288830922454859,0.7175090252705962
Rissbilder_for_Florian_9S6A2784_669_1493_2208_2153.jpg,0.6075823739575178,0.6075823739575178,0.7558957896033437,0.9095001220701737,0.7639131519833924,0.7480449657862919,0.7558957846035833,0.7511675467110807,0.8947527194646435,0.6075823739575178
Rissbilder_for_Florian_9S6A2785_744_2981_2972_2302.jpg,0.9636314121605855,0.9636314121605855,0.9814789131941019,0.9775848388670384,0.9907852870049662,0.9723457406942363,0.9814789081944193,0.9542164125017889,0.9448014128429922,0.9636314121605855
Rissbilder_for_Florian_9S6A2786_565_1760_2426_2120.jpg,0.8538644615463312,0.8538644615463312,0.9211724797120414,0.871643066406117,0.9045752355710939,0.9383901638090538,0.9211724747136386,0.6702340312002372,0.48660360085414306,0.8538644615463312
Rissbilder_for_Florian_9S6A2786_783_3266_2496_2271.jpg,0.7406595260181776,0.7406595260181776,0.8510102233633976,0.8592376708983064,0.8582597647975834,0.8438821268414978,0.851010218363617,0.7526339222332832,0.7646083184483887,0.7406595260181776
Rissbilder_for_Florian_9S6A2788_2_2519_3837_3240.jpg,0.854615384615202,0.854615384615202,0.9216092907506197,0.8961791992186133,0.9047231270356261,0.939137785291411,0.9216092857522555,0.7941048732001748,0.7335943617851474,0.854615384615202
Rissbilder_for_Florian_9S6A2788_39_378_3613_3635.jpg,0.8031475523865163,0.8031475523865163,0.8908284308996544,0.8963623046873632,0.8678400300645555,0.9150678598550622,0.8908284259030195,0.8117918859089461,0.820436219431376,0.8031475523865163
Rissbilder_for_Florian_9S6A2788_628_1138_2316_2232.jpg,0.8430937200821211,0.8430937200821211,0.91486798625146,0.8824615478514278,0.8954029204973726,0.9351981562653227,0.9148679812537219,0.7620380387040522,0.6809823573259832,0.8430937200821211
Rissbilder_for_Florian_9S6A2789_79_2844_3130_2630.jpg,0.9354603330960187,0.9354603330960187,0.9666540999056582,0.9460144042967307,0.9595456841867112,0.9738686214556519,0.9666540949058415,0.84363335841025,0.7518063837244813,0.9354603330960187
Rissbilder_for_Florian_9S6A2790_598_5_3199_2937.jpg,0.8907045884527972,0.8907045884527972,0.9421932901550519,0.9197845458982972,0.9328484954054496,0.9517272020435519,0.9421932851554502,0.8295287285260442,0.7683528685992913,0.8907045884527972
Rissbilder_for_Florian_9S6A2791_793_2002_3016_3012.jpg,0.8736089030204984,0.8736089030204984,0.9325413661433062,0.9005279541014252,0.920981093510287,0.9443955399059054,0.9325413611439975,0.7776258608962233,0.6816428187719482,0.8736089030204984
Rissbilder_for_Florian_9S6A2791_83_351_3250_3721.jpg,0.8103338398939139,0.8103338398939139,0.8952313899644053,0.8819274902342404,0.8834611581729822,0.9073194829429132,0.8952313849651717,0.7860327901278965,0.761731740361879,0.8103338398939139
Rissbilder_for_Florian_9S6A2792_349_199_2653_3453.jpg,0.832229058210793,0.832229058210793,0.9084334237374019,0.9242706298826715,0.9071112748707048,0.9097594323931452,0.9084334187372448,0.8554673653347292,0.8787056724586655,0.832229058210793
Rissbilder_for_Florian_9S6A2792_537_34_4771_3594.jpg,0.8710142703695347,0.8710142703695347,0.9310610658223415,0.9358673095701697,0.9315041517605003,0.9306184012063313,0.9310610608221899,0.878945257594079,0.8868762448186234,0.8710142703695347
Rissbilder_for_Florian_9S6A2792_545_79_2455_3099.jpg,0.8214619374373179,0.8214619374373179,0.9019808984787935,0.9154357910154853,0.8983582299884095,0.9056329024005876,0.9019808934787154,0.8415199888749068,0.8615780403124956,0.8214619374373179
Rissbilder_for_Florian_9S6A2793_119_168_2535_2786.jpg,0.6711875620237389,0.6711875620237389,0.8032462391126924,0.9544982910154794,0.8339498561435348,0.7747231767840465,0.8032462341189401,0.8105134600644229,0.949839358105107,0.6711875620237389
Rissbilder_for_Florian_9S6A2793_400_137_4673_3694.jpg,0.58917297979705,0.58917297979705,0.7414837620411744,0.9602813720701661,0.7835852225004543,0.7036757775670054,0.7414837570548723,0.7735276416224739,0.9578823034478977,0.58917297979705
Rissbilder_for_Florian_9S6A2796_0_0_3840_5760.jpg,0.6873933299503264,0.6873933299503264,0.8147398922935911,0.8965911865233007,0.8056441585117555,0.8240433532399778,0.8147398872940056,0.7767752287859557,0.8661571276215851,0.6873933299503264
Rissbilder_for_Florian_9S6A2796_1192_2118_2373_2430.jpg,0.5883145516901076,0.5883145516901076,0.7408035783139918,0.8461456298826834,0.7422728209351214,0.7393401405917495,0.740803573313821,0.6955498864029974,0.8027852211158873,0.5883145516901076
Rissbilder_for_Florian_9S6A2796_1377_511_2424_2834.jpg,0.7087962847367835,0.7087962847367835,0.8295854702726765,0.8220367431639372,0.805813392375371,0.8548027702496674,0.8295854652769069,0.697417955009626,0.6860396252824685,0.7087962847367835
Rissbilder_for_Florian_9S6A2796_149_1900_2914_2755.jpg,0.5662723521317379,0.5662723521317379,0.723082867881855,0.8797149658201783,0.7314334446729219,0.7149208113359857,0.7230828628822528,0.7117890614470093,0.8573057707622807,0.5662723521317379
Rissbilder_for_Florian_9S6A2796_360_1209_3312_4152.jpg,0.6165472956282457,0.6165472956282457,0.7627952455157018,0.881546020507678,0.7609583612749125,0.764641019357532,0.7627952405154979,0.7351123404668113,0.8536773853053768,0.6165472956282457
Rissbilder_for_Florian_9S6A2798_499_1239_3234_3324.jpg,0.828666122291938,0.828666122291938,0.9063066375980529,0.8911437988279891,0.893631348579189,0.9193466734163973,0.9063066325989398,0.7993871988101914,0.7701082753284447,0.828666122291938
Rissbilder_for_Florian_9S6A2799_1189_2214_2381_2911.jpg,0.9975964937083122,0.9975964937083122,0.9987968009058596,0.9976654052732853,0.9990246358114403,0.998569069895275,0.9987967959057814,0.9611506090566051,0.9247047244048981,0.9975964937083122
Rissbilder_for_Florian_9S6A2799_1297_695_2317_2640.jpg,0.9900111995638254,0.9900111995638254,0.9949805305425599,0.9949645996092232,0.994738442822082,0.9952227361243321,0.9949805255424088,0.9899795557353397,0.9899479119068538,0.9900111995638254
Rissbilder_for_Florian_9S6A2799_229_1299_2967_3213.jpg,0.987279580024008,0.987279580024008,0.9935990788091134,0.9913482666014113,0.9959489431039253,0.991260277058004,0.9935990738090291,0.9804715053724542,0.9736634307209003,0.987279580024008
Rissbilder_for_Florian_9S6A2800_102_322_3638_3203.jpg,0.0,0.0,0.0,0.9994049072264101,0.0,0.0,0.0,0.49970245361320503,0.9994049072264101,0.0
Rissbilder_for_Florian_9S6A2800_164_158_2940_2225.jpg,0.0,0.0,0.0,0.9999999999998475,0.0,0.0,0.0,0.4999999999999237,0.9999999999998475,0.0
Rissbilder_for_Florian_9S6A2800_195_2531_3219_2684.jpg,0.0,0.0,0.0,0.9998779296873475,0.0,0.0,0.0,0.4999389648436737,0.9998779296873475,0.0
Rissbilder_for_Florian_9S6A2800_242_1541_3239_4132.jpg,0.0,0.0,0.0,0.999801635742035,0.0,0.0,0.0,0.4999008178710175,0.999801635742035,0.0
Rissbilder_for_Florian_9S6A2803_1027_1584_2437_2599.jpg,0.6704678705438936,0.6704678705438936,0.8027306389623567,0.8284759521483112,0.7876231145392976,0.8184290570761071,0.8027306339640554,0.7034983205994123,0.7365287706549312,0.6704678705438936
Rissbilder_for_Florian_9S6A2803_179_1736_3276_3364.jpg,0.5925212571049971,0.5925212571049971,0.744129793510105,0.8676452636717427,0.7490794631186903,0.7392451060832614,0.7441297885101038,0.7143113815331652,0.8361015059613333,0.5925212571049971
Rissbilder_for_Florian_9S6A2803_40_541_3427_4214.jpg,0.5684123268965435,0.5684123268965435,0.7248251204723379,0.8649444580076806,0.7463345924830358,0.7045207300853955,0.7248251154762657,0.7020684103347363,0.835724493772929,0.5684123268965435
Rissbilder_for_Florian_9S6A2805_0_0_5760_3840.jpg,0.8234886620787772,0.8234886620787772,0.9032012967275598,0.9416809082029813,0.9073376755541892,0.8991024606691714,0.9032012917274349,0.8716856369820656,0.9198826118853538,0.8234886620787772
Rissbilder_for_Florian_9S6A2805_1425_131_3427_2916.jpg,0.7520833333329927,0.7520833333329927,0.8585017835907413,0.9164733886717352,0.8554943073510609,0.8615304798957917,0.8585017785905812,0.8201046137336445,0.8881258941342963,0.7520833333329927
Rissbilder_for_Florian_9S6A2805_1656_117_3384_2640.jpg,0.7244522934462677,0.7244522934462677,0.8402114644742894,0.9119110107420484,0.8366222026232848,0.8438316561956725,0.8402114594741489,0.8049065549997845,0.8853608165533013,0.7244522934462677
Rissbilder_for_Florian_9S6A2805_831_300_3590_3064.jpg,0.7905172413790006,0.7905172413790006,0.8830043331726523,0.9184265136717349,0.8757216651469915,0.8904091450761837,0.8830043281728048,0.8363326474078017,0.8821480534366029,0.7905172413790006
Rissbilder_for_Florian_9S6A2806_2724_1289_2442_1975.jpg,0.6260320384195829,0.6260320384195829,0.7700119353466773,0.8265228271483114,0.7552680661928032,0.7853429066597403,0.7700119303484271,0.6907792223750293,0.7555264063304759,0.6260320384195829
Rissbilder_for_Florian_9S6A2807_24_1190_3809_3680.jpg,0.905498492388178,0.905498492388178,0.9504058869690406,0.941177368163919,0.9444643313728089,0.9564226716032842,0.9504058819691164,0.8853494280248351,0.865200363661492,0.905498492388178
Rissbilder_for_Florian_9S6A2807_911_1690_2905_3666.jpg,0.9314692561601038,0.9314692561601038,0.9645188533955026,0.9455108642576683,0.9604630454138795,0.9686090600676575,0.964518848395496,0.8606990377509767,0.7899288193418496,0.9314692561601038
Rissbilder_for_Florian_9S6A2808_385_964_2352_2584.jpg,0.5964951696245354,0.5964951696245354,0.7472558401348869,0.8629760742186183,0.7502119242719694,0.7443229604705667,0.7472558351347542,0.7123326578111744,0.8281701459978132,0.5964951696245354
Rissbilder_for_Florian_9S6A2808_704_198_2936_3541.jpg,0.5456546346368094,0.5456546346368094,0.7060498799785564,0.8897552490233017,0.718889809444309,0.693660564393082,0.7060498749798642,0.7092929604003378,0.8729312861638663,0.5456546346368094
Rissbilder_for_Florian_9S6A2810_107_2628_3667_3110.jpg,0.9288416763676444,0.9288416763676444,0.9631082610334512,0.9552307128904793,0.9629145400143407,0.9633020600143464,0.9631082560333303,0.9105622582585537,0.8922828401494631,0.9288416763676444
Rissbilder_for_Florian_9S6A2810_1219_53_2283_2343.jpg,0.889750348891025,0.889750348891025,0.9416591449904093,0.9457550048826683,0.9402857891973845,0.9430365184232511,0.9416591399902653,0.8966338456715746,0.9035173424521242,0.889750348891025
Rissbilder_for_Florian_9S6A2810_14_1387_3754_3828.jpg,0.9246893142761723,0.9246893142761723,0.9608712506661626,0.95071411132798,0.9600803718405733,0.9616634335594177,0.9608712456660498,0.899934022211148,0.8751787301461239,0.9246893142761723
Rissbilder_for_Florian_9S6A2810_309_181_3327_4094.jpg,0.9250815130786387,0.9250815130786387,0.9610829534165803,0.9533691406248546,0.9624556839337459,0.9597141331160611,0.9610829484164681,0.9075787048144012,0.8900758965501636,0.9250815130786387
Rissbilder_for_Florian_9S6A2811_936_179_3229_2992.jpg,0.8195929214224681,0.8195929214224681,0.9008530553985127,0.954421997070167,0.9189408816950504,0.8834635416660914,0.9008530504001507,0.8810565153622614,0.9425201093020548,0.8195929214224681
Rissbilder_for_Florian_9S6A2812_12_145_3808_4433.jpg,0.9430836587382389,0.9430836587382389,0.9707082394492884,0.9779815673826633,0.9765162344288435,0.9649689240451348,0.9707082344492682,0.9542089124420828,0.9653341661459268,0.9430836587382389
Rissbilder_for_Florian_9S6A2812_62_375_3665_3538.jpg,0.9507159386748081,0.9507159386748081,0.9747353982463114,0.9792022705076632,0.9787083565974395,0.9707945650565016,0.9747353932462132,0.9579918148638717,0.9652676910529355,0.9507159386748081
Rissbilder_for_Florian_9S6A2813_281_1283_3537_3750.jpg,0.9413331017912822,0.9413331017912822,0.9697800969063035,0.9690704345701646,0.9730150182489761,0.966566614163581,0.9697800919062143,0.9399655936678242,0.9385980855443662,0.9413331017912822
Rissbilder_for_Florian_9S6A2813_31_1230_3759_4409.jpg,0.9464947856312439,0.9464947856312439,0.9725120176207385,0.9718170166014143,0.9762751367015341,0.9687777975446337,0.9725120126206681,0.9451458804763736,0.9437969753215033,0.9464947856312439
Rissbilder_for_Florian_9S6A2813_34_130_3806_2874.jpg,0.9473619054690765,0.9473619054690765,0.9729695366931581,0.9675598144529775,0.9743322044254096,0.9716106751984532,0.9729695316930443,0.9347046758304716,0.9220474461918666,0.9473619054690765
Rissbilder_for_Florian_9S6A2813_5_1035_3823_4457.jpg,0.9466250709016034,0.9466250709016034,0.972580786153301,0.9712829589842268,0.9760790735755714,0.9691074850470447,0.9725807811532236,0.9440507654400825,0.9414764599785617,0.9466250709016034
Rissbilder_for_Florian_9S6A2814_595_911_3081_3975.jpg,0.8151472036770584,0.8151472036770584,0.8981609888451617,0.9226837158201717,0.8941534275077457,0.9022046353868601,0.8981609838450816,0.848916906154041,0.8826866086310237,0.8151472036770584
Rissbilder_for_Florian_9S6A2815_1494_28_3890_3714.jpg,0.9492356504180185,0.9492356504180185,0.9739567919501703,0.9650878906248528,0.9770708201062012,0.9708625502074181,0.9739567869501103,0.9243387411319866,0.8994418318459546,0.9492356504180185
Rissbilder_for_Florian_9S6A2815_1679_652_3895_3085.jpg,0.9586547759748666,0.9586547759748666,0.97889101002776,0.9706420898436019,0.9837695988707117,0.9740605690078443,0.9788910050277757,0.9333536723360814,0.908052568697296,0.9586547759748666
Rissbilder_for_Florian_9S6A2815_174_68_3586_2874.jpg,0.9577238007341965,0.9577238007341965,0.9784054322423067,0.96714782714829,0.9799288771018465,0.9768867168721005,0.9784054272422207,0.9146392539046022,0.8715547070750079,0.9577238007341965
Rissbilder_for_Florian_9S6A2816_255_1654_2762_3248.jpg,0.9806315932293714,0.9806315932293714,0.9902210957167209,0.9825744628904751,0.9925669064252498,0.9878863469389555,0.9902210907166641,0.9163137230008624,0.8519958527723536,0.9806315932293714
Rissbilder_for_Florian_9S6A2816_414_1239_2771_3186.jpg,0.9847719156389421,0.9847719156389421,0.9923275393806871,0.9862060546873496,0.9940317287580566,0.9906291834000999,0.9923275343806176,0.9285080607018394,0.8722442057647368,0.9847719156389421
Rissbilder_for_Florian_9S6A2817_0_0_3840_5760.jpg,0.9488705214228449,0.9488705214228449,0.9737645584890748,0.9568634033201665,0.9743884998976703,0.9731414156401222,0.9737645534889867,0.8663033757662022,0.7837362301095595,0.9488705214228449
Rissbilder_for_Florian_9S6A2817_245_323_3362_4340.jpg,0.953872218534783,0.953872218534783,0.9763916078914268,0.9597015380857911,0.9734764086199937,0.9793243194776424,0.9763916028913844,0.8560444128466471,0.7582166071585111,0.953872218534783
Rissbilder_for_Florian_9S6A2817_266_1535_2877_3827.jpg,0.9515737238433996,0.9515737238433996,0.9751860380343559,0.9574127197264165,0.9728938638659997,0.9774890386053225,0.975186033034297,0.8452809234569383,0.7389881230704769,0.9515737238433996
Rissbilder_for_Florian_9S6A2817_378_2811_2792_2576.jpg,0.9513987631266251,0.9513987631266251,0.9750941541053846,0.9567108154295415,0.9711977335919817,0.979021965236227,0.9750941491053794,0.8338493815629544,0.7162999999992836,0.9513987631266251
Rissbilder_for_Florian_9S6A2818_17_2060_3815_3614.jpg,0.5823578595293379,0.5823578595293379,0.7360634081882799,0.9847564697264123,0.7591280653909585,0.714358974355311,0.736063403190951,0.7833916419857232,0.9844254244421083,0.5823578595293379
Rissbilder_for_Florian_9S6A2818_181_563_3454_3645.jpg,0.5244648318002717,0.5244648318002717,0.6880641925742825,0.9905090332029739,0.768197088457243,0.623069936415776,0.6880641876252379,0.7574367335561891,0.9904086353121064,0.5244648318002717
Rissbilder_for_Florian_9S6A2821_1466_528_3414_2887.jpg,0.8932833098846091,0.8932833098846091,0.9436340617602048,0.937499999999857,0.942492715377167,0.9447781758057469,0.9436340567600825,0.8811056549421655,0.8689279999997219,0.8932833098846091
Rissbilder_for_Florian_9S6A2821_813_67_4540_3629.jpg,0.895313264806383,0.895313264806383,0.9447654711558665,0.9477844238279804,0.9434254214883648,0.9461093330744039,0.9447654661557241,0.900482659422642,0.9056520540389011,0.895313264806383
Rissbilder_for_Florian_9S6A2821_96_72_2858_3693.jpg,0.9020991875295385,0.9020991875295385,0.9485301223446629,0.9593658447264162,0.9466455769449686,0.9504221860713647,0.9485301173444994,0.9185723997551913,0.9350456119808442,0.9020991875295385
Rissbilder_for_Florian_9S6A2822_1330_562_2037_2263.jpg,0.8175656682384927,0.8175656682384927,0.8996271029160038,0.9108734130857985,0.9069050341264224,0.8924650528466102,0.8996270979161712,0.834583138997187,0.8516006097558813,0.8175656682384927
Rissbilder_for_Florian_9S6A2822_2358_403_2644_3259.jpg,0.83380273987563,0.83380273987563,0.9093701538827226,0.9072570800779866,0.9120083744576307,0.906747152754793,0.9093701488826289,0.8301793427140005,0.826555945552371,0.83380273987563
Rissbilder_for_Florian_9S6A2823_0_0_3840_5760.jpg,0.9506828183837053,0.9506828183837053,0.9747179904638941,0.9668273925779776,0.9753758786014581,0.9740609892150953,0.9747179854637831,0.9293366690528422,0.907990519721979,0.9506828183837053
Rissbilder_for_Florian_9S6A2823_69_628_3753_4209.jpg,0.9601363452537293,0.9601363452537293,0.9796628153736364,0.9684143066404772,0.9812245379935485,0.9781060561471803,0.979662810373553,0.9140563096251209,0.8679762739965124,0.9601363452537293
Rissbilder_for_Florian_9S6A2823_7_857_3769_4629.jpg,0.9530457827621461,0.9530457827621461,0.9759584656681998,0.9626922607420406,0.9769671437287681,0.9749518682957498,0.9759584606681091,0.8996795951334,0.8463134075046538,0.9530457827621461
Rissbilder_for_Florian_9S6A2825_593_3041_2623_2519.jpg,0.9706727788526556,0.9706727788526556,0.9851181680378114,0.9761810302732886,0.9846957250946303,0.98554097359969,0.9851181630377185,0.9290638587843352,0.8874549387160148,0.9706727788526556
Rissbilder_for_Florian_9S6A2826_1048_2494_2739_2977.jpg,0.9531103859661728,0.9531103859661728,0.9759923379801027,0.9655761718748527,0.9793691134696668,0.9726387681080509,0.9759923329800583,0.9192352072112266,0.8853600284562806,0.9531103859661728
Rissbilder_for_Florian_9S6A2826_985_495_2477_3280.jpg,0.9094657070680832,0.9094657070680832,0.9525865834632197,0.9420318603514188,0.9560109221170481,0.9491866885537111,0.952586578463165,0.8853396558573416,0.8612136046466002,0.9094657070680832
Rissbilder_for_Florian_9S6A2827_104_438_2728_2999.jpg,0.6764152914139643,0.6764152914139643,0.8069781931462164,0.8818206787108029,0.8066364406353412,0.8073202353641132,0.8069781881460162,0.7597311734497736,0.8430470554855829,0.6764152914139643
Rissbilder_for_Florian_9S6A2827_1330_298_4408_3388.jpg,0.6609491451114309,0.6609491451114309,0.7958692137646257,0.9055938720701744,0.7968946151299656,0.794846447870835,0.7958692087643714,0.7726251101900414,0.8843010752686519,0.6609491451114309
Rissbilder_for_Florian_9S6A2828_137_357_3119_2617.jpg,0.9198775299214841,0.9198775299214841,0.9582668848247874,0.9385070800779818,0.9499055596614623,0.9667767144467034,0.9582668798250757,0.8553612270738853,0.7908449242262866,0.9198775299214841
Rissbilder_for_Florian_9S6A2828_145_985_3544_4666.jpg,0.899904994570813,0.899904994570813,0.9473157838338131,0.9549865722654793,0.9461667439617044,0.9484676179233457,0.9473157788336511,0.9121455561872207,0.9243861178036284,0.899904994570813
Rissbilder_for_Florian_9S6A2829_1570_988_3579_2827.jpg,0.7951234473237861,0.7951234473237861,0.8858704937637305,0.898071289062363,0.8923346986538766,0.8794992706174714,0.8858704887638414,0.8132417115439421,0.831359975764098,0.7951234473237861
Rissbilder_for_Florian_9S6A2829_3347_205_2368_1963.jpg,0.6503156872263579,0.6503156872263579,0.7881106533251542,0.9230957031248592,0.8188171573330839,0.7596239565598836,0.7881106483318546,0.7802884456108545,0.910261203995351,0.6503156872263579
Rissbilder_for_Florian_9S6A2830_0_0_3840_5760.jpg,0.3174815807078535,0.3174815807078535,0.48195221148712786,0.9844512939451623,0.6980854197246232,0.36801242235739123,0.48195220696396507,0.6509097983769676,0.9843380160460816,0.3174815807078535
Rissbilder_for_Florian_9S6A2831_1556_2396_2267_2056.jpg,0.7051746247262936,0.7051746247262936,0.8270995996547683,0.8807220458983032,0.8125597566272,0.8421692716540506,0.8270995946561863,0.7691418929476135,0.8331091611689334,0.7051746247262936
Rissbilder_for_Florian_9S6A2831_238_172_3338_3615.jpg,0.6135103777229511,0.6135103777229511,0.7604666027481781,0.9085083007811114,0.7634555225789977,0.7575009948262972,0.7604665977479509,0.7532366769545088,0.8929629761860665,0.6135103777229511
Rissbilder_for_Florian_9S6A2832_0_0_3840_5760.jpg,0.7333091436862065,0.7333091436862065,0.8461377433533724,0.8990631103514254,0.8311931636426307,0.8616295594500892,0.8461377383547919,0.796797981140328,0.8602868185944494,0.7333091436862065
Rissbilder_for_Florian_9S6A2832_16_462_3811_3967.jpg,0.7316344388949795,0.7316344388949795,0.8450218157613714,0.9040679931639246,0.8355676887823158,0.8546923307066646,0.845021810761803,0.8008635042643268,0.8700925696336743,0.7316344388949795
Rissbilder_for_Florian_9S6A2833_0_0_3840_5760.jpg,0.6643911953185675,0.6643911953185675,0.7983594207747559,0.9264831542967337,0.7950983661213779,0.8016473356859962,0.7983594157745059,0.7891762041094326,0.9139612129002975,0.6643911953185675
Rissbilder_for_Florian_9S6A2833_351_215_3097_4067.jpg,0.6593434996118769,0.6593434996118769,0.7947040498439273,0.9195556640623598,0.7907012785735833,0.7987475538154217,0.794704044843746,0.7820320476443589,0.9047205956768408,0.6593434996118769
Rissbilder_for_Florian_9S6A2833_48_2046_3720_3632.jpg,0.6938915153018823,0.6938915153018823,0.8192868422016013,0.9249114990232964,0.8103297980525858,0.8284441143699751,0.8192868372019114,0.8017001755541694,0.9095088358064565,0.6938915153018823
Rissbilder_for_Florian_9S6A2833_518_220_2513_2311.jpg,0.71332123000073,0.71332123000073,0.832676578694383,0.9228973388670467,0.826572874892626,0.8388710968769423,0.8326765736943801,0.8089575015059534,0.9045937730111768,0.71332123000073
Rissbilder_for_Florian_9S6A2834_150_1023_3577_2843.jpg,0.7857502584353949,0.7857502584353949,0.8800225616361818,0.8766632080076787,0.8655182481749298,0.8950212855889331,0.8800225566374554,0.7802734352467883,0.7747966120581816,0.7857502584353949
Rissbilder_for_Florian_9S6A2834_626_86_3031_3301.jpg,0.7655880470769413,0.7655880470769413,0.8672329293851164,0.8714447021483046,0.85538423277765,0.8794144907153059,0.867232924385939,0.7719970745641442,0.7784061020513471,0.7655880470769413
Rissbilder_for_Florian_9S6A2836_308_640_3253_2645.jpg,0.6708081701732235,0.6708081701732235,0.8029744912052669,0.8694152832029923,0.7863552328985948,0.8203113975253679,0.8029744862073154,0.7464380373080786,0.8220679044429337,0.6708081701732235
Rissbilder_for_Florian_9S6A2836_309_2331_2299_1991.jpg,0.6989846500971936,0.6989846500971936,0.8228263275447567,0.8656463623045555,0.8079506836320208,0.8382600139392242,0.8228263225462861,0.7518542678296121,0.8047238855620304,0.6989846500971936
Rissbilder_for_Florian_9S6A2837_583_1581_2466_2373.jpg,0.6923110953810422,0.6923110953810422,0.8181841947034696,0.8938751220701762,0.8100315751328692,0.8265025879366079,0.818184189703762,0.7764480086522085,0.8605849219233748,0.6923110953810422
Rissbilder_for_Florian_9S6A2837_86_2427_3639_3148.jpg,0.7271895172941867,0.7271895172941867,0.8420494798201429,0.9135894775389232,0.833517393704675,0.8507580454258858,0.842049474820432,0.8074598683791677,0.8877302194641488,0.7271895172941867
Rissbilder_for_Florian_9S6A2839_1026_311_2762_2920.jpg,0.1924863663902394,0.1924863663902394,0.3228319783192364,0.9389953613279818,0.5492795389017333,0.2285919884858993,0.32283197416849296,0.5652907653761164,0.9380951643619935,0.1924863663902394
Rissbilder_for_Florian_9S6A2839_276_553_2757_3001.jpg,0.20666255397870656,0.20666255397870656,0.3425357873206256,0.9215087890623594,0.5447154471522573,0.24981357196075726,0.34253578300900756,0.563266475444014,0.9198703969093215,0.20666255397870656
Rissbilder_for_Florian_9S6A2839_342_2779_3335_2788.jpg,0.16778025241235392,0.16778025241235392,0.287349014621133,0.9486846923826678,0.5171624713919363,0.19894366197124724,0.28734901060786455,0.557964257384987,0.9481482623576201,0.16778025241235392
Rissbilder_for_Florian_9S6A2840_125_208_3346_3837.jpg,0.1047000382112927,0.1047000382112927,0.18955378761608596,0.9642486572264154,0.5150375939752813,0.11615091140264455,0.1895537846123055,0.5343992973992197,0.9640985565871466,0.1047000382112927
Rissbilder_for_Florian_9S6A2840_74_1100_3525_4453.jpg,0.0890736342037466,0.0890736342037466,0.16357688113324115,0.976593017577976,0.49180327867239987,0.09810333551276584,0.16357687835942084,0.5328064772737009,0.9765393203436552,0.0890736342037466
Rissbilder_for_Florian_9S6A2840_7_1394_3830_4317.jpg,0.05409356725106657,0.05409356725106657,0.10263522884810933,0.9802551269529755,0.41573033705529605,0.05854430379700519,0.1026352266833513,0.5171631870350701,0.9802328068190737,0.05409356725106657
Rissbilder_for_Florian_9S6A2842_1504_215_2115_2436.jpg,0.5905472812818514,0.5905472812818514,0.7425711743770591,0.8233947753904994,0.7241139981777972,0.7619938832333217,0.7425711693801424,0.6767919748955002,0.7630366685091492,0.5905472812818514
Rissbilder_for_Florian_9S6A2842_244_781_3585_4435.jpg,0.48015130907834064,0.48015130907834064,0.6487867910981626,0.8133697509764384,0.6600642711068302,0.6378881987574038,0.6487867860994359,0.62732468199167,0.7744980549049993,0.48015130907834064
Rissbilder_for_Florian_9S6A2843_12_1425_2920_2441.jpg,0.785723310170314,0.785723310170314,0.8800056601102165,0.8964843749998632,0.8825971261306075,0.8774293675704993,0.880005655110104,0.8094381430338986,0.8331529758974833,0.785723310170314
Rissbilder_for_Florian_9S6A2843_1369_1422_2224_2176.jpg,0.662234590805678,0.662234590805678,0.796800396849756,0.8999938964842377,0.8045833072438766,0.7891666154880617,0.7968003918499769,0.768918608844657,0.875602626883636,0.662234590805678
Rissbilder_for_Florian_9S6A2843_369_1526_1885_2389.jpg,0.7948825036193354,0.7948825036193354,0.8857209338399309,0.887588500976427,0.8858720948270438,0.8855698244305212,0.8857209288397936,0.7978522070100353,0.8008219104007352,0.7948825036193354
Rissbilder_for_Florian_9S6A2843_81_439_3537_3036.jpg,0.7836292249911302,0.7836292249911302,0.8786907211559366,0.9226379394529842,0.879406130267778,0.8779764750880377,0.8786907161557297,0.8380773843613288,0.8925255437315275,0.7836292249911302
Rissbilder_for_Florian_9S6A2844_390_2106_2961_2642.jpg,0.29629629626886145,0.29629629626886145,0.4571428571102041,0.9988403320310977,0.5818181817123966,0.3764705881910035,0.45714285230714286,0.6475680308896061,0.9988397655103507,0.29629629626886145
Rissbilder_for_Florian_9S6A2845_628_184_3360_3293.jpg,0.18518518511659807,0.18518518511659807,0.31249999990234373,0.9996643066404725,0.45454545413223135,0.23809523798185941,0.3124999952929688,0.5924247330718728,0.9996642810271475,0.18518518511659807
Rissbilder_for_Florian_9S6A2846_282_100_2666_3071.jpg,0.49999999916666665,0.49999999916666665,0.6666666659259258,0.99995422363266,0.9999999966666667,0.49999999916666665,0.6666666607407408,0.7499771103518774,0.9999542215370882,0.49999999916666665
Rissbilder_for_Florian_9S6A2846_958_3002_2270_2189.jpg,0.8490566036133855,0.8490566036133855,0.9183673468450646,0.9998779296873475,0.89999999982,0.9374999998046875,0.9183673417534362,0.9244672247120538,0.9998778458107221,0.8490566036133855
Rissbilder_for_Florian_9S6A2847_393_2590_3185_3037.jpg,0.0,0.0,0.0,0.9999999999998475,0.0,0.0,0.0,0.4999999999999237,0.9999999999998475,0.0
Rissbilder_for_Florian_9S6A2847_716_767_2138_2158.jpg,0.0,0.0,0.0,0.9999999999998475,0.0,0.0,0.0,0.4999999999999237,0.9999999999998475,0.0
Rissbilder_for_Florian_9S6A2848_1214_523_4329_3293.jpg,0.49999999875,0.49999999875,0.6666666655555555,0.9999694824217225,0.999999995,0.49999999875,0.6666666600000001,0.7499847401201858,0.9999694814903715,0.49999999875
Rissbilder_for_Florian_9S6A2848_1499_275_3439_2995.jpg,0.7499999990624999,0.7499999990624999,0.8571428565306122,0.9999694824217225,0.9999999983333333,0.7499999990624999,0.8571428510204081,0.8749847393449994,0.9999694796274989,0.7499999990624999
Rissbilder_for_Florian_9S6A2849_0_0_3840_5760.jpg,0.0,0.0,0.0,0.9999999999998475,0.0,0.0,0.0,0.4999999999999237,0.9999999999998475,0.0
Rissbilder_for_Florian_9S6A2849_386_1036_3238_3207.jpg,0.0,0.0,0.0,0.9999999999998475,0.0,0.0,0.0,0.4999999999999237,0.9999999999998475,0.0
Rissbilder_for_Florian_9S6A2849_397_2018_3370_3301.jpg,0.0,0.0,0.0,0.9999999999998475,0.0,0.0,0.0,0.4999999999999237,0.9999999999998475,0.0
Rissbilder_for_Florian_9S6A2850_1091_110_3711_2988.jpg,0.7705418012196041,0.7705418012196041,0.8704022697332885,0.9219360351561093,0.8780986455400571,0.8628396363814661,0.8704022647334521,0.832371570640316,0.8942013400610278,0.7705418012196041
Rissbilder_for_Florian_9S6A2850_223_94_3413_2683.jpg,0.7266104294474547,0.7266104294474547,0.8416611148120803,0.9238433837889216,0.852123080875665,0.8314529271650799,0.8416611098125669,0.815563637175861,0.9045168449042673,0.7266104294474547
Rissbilder_for_Florian_9S6A2850_606_12_3386_3825.jpg,0.8180164109879351,0.8180164109879351,0.8998999195429856,0.9221649169920468,0.9035346967723121,0.8962942694078272,0.89989991454289,0.8491471497987907,0.8802778886096463,0.8180164109879351
Rissbilder_for_Florian_9S6A2851_145_308_3369_3508.jpg,0.5660909411330064,0.5660909411330064,0.7229349538583774,0.9812164306639128,0.8308329022202233,0.6398406374476501,0.7229349489410778,0.7734177527500649,0.9807445643671233,0.5660909411330064
Rissbilder_for_Florian_9S6A2851_335_136_2724_3289.jpg,0.5920774115494646,0.5920774115494646,0.7437796771115978,0.9794158935545381,0.8399828399792365,0.6673483299227425,0.7437796721757708,0.7854296900774016,0.9787819686053386,0.5920774115494646
Rissbilder_for_Florian_9S6A2852_0_0_5760_3840.jpg,0.8063382185923929,0.8063382185923929,0.892787641088323,0.9453582763670433,0.8998732572871628,0.8858127376420593,0.8927876360883656,0.8678019066729465,0.9292655947535003,0.8063382185923929
Rissbilder_for_Florian_9S6A2852_1382_202_2872_2669.jpg,0.8446909667192698,0.8446909667192698,0.915807560137326,0.9102783203123611,0.9235567620640185,0.9081873171837367,0.915807555137547,0.8347307497798244,0.8247705328403789,0.8446909667192698
Rissbilder_for_Florian_9S6A2853_2150_67_2994_3338.jpg,0.36572438161898013,0.36572438161898013,0.5355756791651284,0.9945220947264108,0.7695167285959287,0.4107142857061366,0.5355756746203114,0.6801145595889759,0.9945047375589716,0.36572438161898013
Rissbilder_for_Florian_9S6A2853_578_234_2846_2552.jpg,0.38797364085347635,0.38797364085347635,0.5590504451005398,0.9886627197264117,0.7572347266759287,0.44308560676911496,0.5590504404397117,0.6882771454862181,0.9885806501189598,0.38797364085347635
Rissbilder_for_Florian_9S6A2853_990_10_3223_3830.jpg,0.3438016528868793,0.3438016528868793,0.5116851168448747,0.9939422607420358,0.7591240875635356,0.3858998144640835,0.5116851123698086,0.6688623130953352,0.9939229733037911,0.3438016528868793
Rissbilder_for_Florian_9S6A2854_253_2342_3118_2704.jpg,0.6638655462169377,0.6638655462169377,0.7979797979786785,0.9780273437498508,0.8713235294090952,0.7360248447185921,0.7979797930129863,0.8204480541649851,0.9770305621130325,0.6638655462169377
Rissbilder_for_Florian_9S6A2854_940_1767_2020_2282.jpg,0.6953023617951009,0.6953023617951009,0.8202694427427891,0.9641723632811029,0.8894422310742207,0.7610795454534643,0.8202694377724029,0.8281423903095482,0.9609824188239954,0.6953023617951009
Rissbilder_for_Florian_9S6A2855_151_993_3400_4442.jpg,0.43794326240358256,0.43794326240358256,0.6091245376003807,0.9951629638670357,0.7462235649321383,0.5145833333226129,0.6091245327616422,0.7165439634475758,0.995144664491569,0.43794326240358256
Rissbilder_for_Florian_9S6A2856_293_97_3165_2963.jpg,0.6156413232724671,0.6156413232724671,0.7621014818134152,0.9595794677732912,0.8457245365739571,0.6935272965009913,0.7621014768616148,0.7862113424643089,0.9567813616561506,0.6156413232724671
Rissbilder_for_Florian_9S6A2856_3030_1197_2337_2140.jpg,0.564792706749371,0.564792706749371,0.721875433484919,0.9694061279295396,0.8126171143010225,0.6493636136744463,0.7218754285462641,0.7664669670333621,0.9681412273173534,0.564792706749371
Rissbilder_for_Florian_9S6A2857_1029_47_2126_2829.jpg,0.37548891785690364,0.37548891785690364,0.5459715639758677,0.9926910400389111,0.7804878048568973,0.41982507288017745,0.5459715594221154,0.6840738483349476,0.9926587788129916,0.37548891785690364
Rissbilder_for_Florian_9S6A2857_86_90_3531_3241.jpg,0.36229508196127386,0.36229508196127386,0.5318892900056331,0.9940643310545358,0.7491525423474863,0.4123134328281285,0.5318892854197675,0.6781696645356401,0.9940442471100063,0.36229508196127386
Rissbilder_for_Florian_9S6A2858_149_1589_3398_4163.jpg,0.0,0.0,0.0,0.9999999999998475,0.0,0.0,0.0,0.4999999999999237,0.9999999999998475,0.0
Rissbilder_for_Florian_9S6A2859_1580_320_3896_3471.jpg,0.7504008551571684,0.7504008551571684,0.8574045801523444,0.9429931640623561,0.8739495798312527,0.8414743781833671,0.8574045751538092,0.8408014882738433,0.9312021213905181,0.7504008551571684
Rissbilder_for_Florian_9S6A2859_72_0_3483_3838.jpg,0.7428093645480809,0.7428093645480809,0.8524275570904969,0.9295959472654832,0.8639782157670747,0.8411816689806583,0.852427552091118,0.8272177449056329,0.911626125263185,0.7428093645480809
Rissbilder_for_Florian_9S6A2860_109_355_3609_3381.jpg,0.868045216432074,0.868045216432074,0.9293621040822787,0.9269714355467336,0.9240974464335415,0.9346870917940463,0.9293620990823038,0.8637477344933688,0.8594502525546637,0.868045216432074
Rissbilder_for_Florian_9S6A2860_1342_359_2460_2721.jpg,0.8888714628187914,0.8888714628187914,0.9411667022512109,0.924316406249859,0.9352207633009748,0.9471887310490756,0.9411666972513015,0.8485458501116327,0.8082202374044742,0.8888714628187914
Rissbilder_for_Florian_9S6A2860_1449_250_2961_2641.jpg,0.8709033158475213,0.8709033158475213,0.9309976720555452,0.9181365966795474,0.927882889811586,0.9341334365722199,0.9309976670554819,0.8440329209164987,0.8171625259854762,0.8709033158475213
Rissbilder_for_Florian_9S6A2862_85_1368_3267_3537.jpg,0.0,0.0,0.0,0.9999999999998475,0.0,0.0,0.0,0.4999999999999237,0.9999999999998475,0.0
Rissbilder_for_Florian_9S6A2863_505_368_3314_3736.jpg,0.9575354750221666,0.9575354750221666,0.978307149208955,0.9754333496092262,0.9771222479407394,0.9794949276923756,0.9783071442088306,0.9512294233346765,0.9449233716471863,0.9575354750221666
Rissbilder_for_Florian_9S6A2863_543_1648_3087_3350.jpg,0.9639784039141279,0.9639784039141279,0.9816588634507983,0.967422485351415,0.9819541118843376,0.981363792510996,0.9816588584507145,0.8549209957906874,0.7458635876672468,0.9639784039141279
Rissbilder_for_Florian_9S6A2863_658_736_2862_3717.jpg,0.9620390210892158,0.9620390210892158,0.9806522813752653,0.9743194580076638,0.9791327104517851,0.98217657624442,0.9806522763751647,0.9442470931348617,0.9264551651805075,0.9620390210892158
Rissbilder_for_Florian_9S6A2864_38_451_2972_3568.jpg,0.5715705059963299,0.5715705059963299,0.7273876721604301,0.907882690429549,0.7599547084348367,0.6974971854155213,0.7273876671692839,0.7332731622566375,0.8949758185169453,0.5715705059963299
Rissbilder_for_Florian_9S6A2864_764_1420_2827_3426.jpg,0.5872453498667056,0.5872453498667056,0.739955357142513,0.9146728515623604,0.7671391379801685,0.7146321746153645,0.7399553521484472,0.7450641476668625,0.9028829454670193,0.5872453498667056
Rissbilder_for_Florian_9S6A2864_95_886_3690_4688.jpg,0.5682788051203329,0.5682788051203329,0.7247165532875123,0.9351654052732948,0.7556065928117325,0.6962529565533472,0.7247165482953992,0.7486973993236811,0.9291159935270292,0.5682788051203329
Rissbilder_for_Florian_9S6A2865_127_1723_2744_2847.jpg,0.6236985833757366,0.6236985833757366,0.7682442908572864,0.8654327392576805,0.7721605916530522,0.7643675155567827,0.7682442858572132,0.7252509688613373,0.826803354346938,0.6236985833757366
Rissbilder_for_Florian_9S6A2865_133_282_3041_3451.jpg,0.6036070606290596,0.6036070606290596,0.7528116774345929,0.8581390380858066,0.7522316684374324,0.7533925815545988,0.7528116724343957,0.7113288227491024,0.8190505848691452,0.6036070606290596
Rissbilder_for_Florian_9S6A2867_249_168_3377_3485.jpg,0.9031420956652745,0.9031420956652745,0.9491063202504241,0.9578552246092289,0.9462120655445123,0.9520183350580541,0.9491063152502958,0.916856855484222,0.9305716153031697,0.9031420956652745
Rissbilder_for_Florian_9S6A2868_13_274_3657_4828.jpg,0.8749081807544482,0.8749081807544482,0.9332810958266683,0.9298400878904831,0.9304458525009605,0.9361336710037156,0.9332810908265793,0.868574322872526,0.8622404649906037,0.8749081807544482
Rissbilder_for_Florian_9S6A2868_17_1010_3721_3529.jpg,0.8865141162135478,0.8865141162135478,0.9398436074179866,0.934616088867045,0.9394083969463013,0.9402792213261777,0.9398436024178558,0.8764354880726433,0.8663568599317386,0.8865141162135478
Rissbilder_for_Florian_9S6A2868_190_296_3630_3832.jpg,0.8862581609373906,0.8862581609373906,0.9396997497913623,0.9338073730467326,0.941243630085227,0.9381609259205257,0.9396997447912453,0.8747818297989516,0.8633054986605125,0.8862581609373906
Rissbilder_for_Florian_9S6A2868_38_1152_3525_4441.jpg,0.8698383719054745,0.8698383719054745,0.9303888346446313,0.9260253906248588,0.9310572750521796,0.929721353344354,0.9303888296445003,0.8617705348571894,0.8537026978089042,0.8698383719054745
Rissbilder_for_Florian_9S6A2870_36_2020_2397_1897.jpg,0.6298449612399163,0.6298449612399163,0.772889417359989,0.9096527099607987,0.7921220221709315,0.7545686039538986,0.7728894123626401,0.7615426281109074,0.8932402949818985,0.6298449612399163
Rissbilder_for_Florian_9S6A2870_624_516_2682_2160.jpg,0.6908029197075249,0.6908029197075249,0.8171300293555442,0.9353637695311073,0.8304668304661017,0.8042148198497584,0.8171300243564812,0.8076285963924159,0.924454273077307,0.6908029197075249
Rissbilder_for_Florian_9S6A2873_1391_124_4173_3679.jpg,0.9101883853376282,0.9101883853376282,0.9529828495703594,0.9718475341795393,0.9596099563762075,0.9464466491187759,0.9529828445703549,0.9353986463174584,0.9606089072972884,0.9101883853376282
Rissbilder_for_Florian_9S6A2874_379_298_3434_2965.jpg,0.918574536413233,0.918574536413233,0.9575593952482079,0.9640197753904779,0.9628972706866854,0.9522803751697028,0.9575593902481891,0.9290060302457921,0.9394375240783513,0.918574536413233
Rissbilder_for_Florian_9S6A2874_480_600_3156_3364.jpg,0.9349606726333239,0.9349606726333239,0.9663872613606338,0.963409423827978,0.9737302977230174,0.9591541457982864,0.9663872563607828,0.9288826026054653,0.9228045325776066,0.9349606726333239
Rissbilder_for_Florian_9S6A2874_828_835_2159_2740.jpg,0.9324064487499552,0.9324064487499552,0.9650210486030151,0.9581604003904788,0.9735406156694705,0.9566492994079224,0.965021043603275,0.9167300719498728,0.9010536951497903,0.9324064487499552
Rissbilder_for_Florian_9S6A2875_1254_6_2177_2528.jpg,0.0,0.0,0.0,0.9999694824217225,0.0,0.0,0.0,0.4999847412108612,0.9999694824217225,0.0
Rissbilder_for_Florian_9S6A2875_26_1113_3659_4061.jpg,0.3428571428081633,0.3428571428081633,0.5106382978180173,0.9992980957029726,0.4999999998958333,0.5217391303213611,0.5106382927659575,0.671077490685969,0.9992978385637747,0.3428571428081633
Rissbilder_for_Florian_9S6A2876_179_1800_3563_3909.jpg,0.9329831079117279,0.9329831079117279,0.9653298097567583,0.9647674560545403,0.9653153153150256,0.965344304633483,0.9653298047566136,0.9319163690256536,0.9308496301395793,0.9329831079117279
Rissbilder_for_Florian_9S6A2877_38_2184_2271_2430.jpg,0.654846335689659,0.654846335689659,0.7914285714229184,0.9955444335935981,0.8993506493360495,0.7066326530522113,0.7914285664892653,0.8251763918144677,0.9955064479392762,0.654846335689659
Rissbilder_for_Florian_9S6A2877_458_1207_3052_3365.jpg,0.5662824207411199,0.5662824207411199,0.7230910763502936,0.9954071044920356,0.8308668075934278,0.6400651465693801,0.7230910714277711,0.7808309084193914,0.9953793960976628,0.5662824207411199
Rissbilder_for_Florian_9S6A2877_712_1098_2850_3480.jpg,0.4816326530546717,0.4816326530546717,0.650137741040862,0.9941864013670358,0.8027210884171718,0.5462962962878658,0.650137736215549,0.7378937405372623,0.994154828019853,0.4816326530546717
Rissbilder_for_Florian_9S6A2878_186_801_3630_3688.jpg,0.5416248746184391,0.5416248746184391,0.702667534152878,0.9930267333982861,0.7190412782860314,0.687022900754618,0.7026675291508989,0.7672968363490842,0.9929687980797292,0.5416248746184391
Rissbilder_for_Florian_9S6A2878_586_1938_2599_3417.jpg,0.6026133743228086,0.6026133743228086,0.7520383693009495,0.9921112060545362,0.8226652675674432,0.6925795052942352,0.752038364334195,0.7973145324788469,0.9920156906348851,0.6026133743228086
Rissbilder_for_Florian_9S6A2879_3261_1326_2300_1992.jpg,0.9428931431122453,0.9428931431122453,0.9706073094703102,0.9785614013670382,0.9800591465986564,0.9613360407770248,0.9706073044705722,0.9548539124790563,0.9668146818458674,0.9428931431122453
Rissbilder_for_Florian_9S6A2880_310_1620_3340_3224.jpg,0.0,0.0,0.0,0.9999084472654725,0.0,0.0,0.0,0.4999542236327362,0.9999084472654725,0.0
Rissbilder_for_Florian_9S6A2881_1500_502_2060_2692.jpg,0.9169039676725743,0.9169039676725743,0.956650915367285,0.9532470703123546,0.963850956466926,0.9495576463977112,0.9566509103674287,0.9101650358108035,0.9034261039490329,0.9169039676725743
Rissbilder_for_Florian_9S6A2881_217_700_2733_3496.jpg,0.9560996961736042,0.9560996961736042,0.977557225783394,0.973983764648289,0.9857446243692632,0.9695047126704344,0.9775572207836104,0.9480354129917523,0.9399711298099004,0.9560996961736042
Rissbilder_for_Florian_9S6A2881_96_88_3738_3953.jpg,0.9564594594592011,0.9564594594592011,0.9777452375359547,0.9754180908201637,0.9849977733241525,0.9705987219217875,0.9777452325360907,0.9515106532044162,0.9465618469496313,0.9564594594592011
Rissbilder_for_Florian_9S6A2882_24_1393_3708_3315.jpg,0.49372384935172703,0.49372384935172703,0.6610644257517909,0.9981536865232853,0.8740740740093278,0.5315315315075887,0.661064421030216,0.7459371027613294,0.9981503561709318,0.49372384935172703
Rissbilder_for_Florian_9S6A2882_4_512_3806_4410.jpg,0.3896103895850902,0.3896103895850902,0.5607476635251987,0.9985656738279727,0.7692307691321499,0.44117647055579584,0.5607476588662766,0.6940873745224463,0.9985643594598024,0.3896103895850902
Rissbilder_for_Florian_9S6A2883_213_642_3348_4404.jpg,0.9052692434750144,0.9052692434750144,0.9502795959944189,0.9649963378904778,0.9472819980982856,0.9532962254300951,0.9502795909942631,0.9263357268871212,0.947402210299228,0.9052692434750144
Rissbilder_for_Florian_9S6A2883_483_1566_3004_3067.jpg,0.9234178691635541,0.9234178691635541,0.9601843509597061,0.9649353027342278,0.9586230755921263,0.9617507202106966,0.960184345959553,0.9313338057054534,0.9392497422473527,0.9234178691635541
Rissbilder_for_Florian_9S6A2884_103_1141_3407_4451.jpg,0.7128027681655164,0.7128027681655164,0.8323232323228412,0.9455413818357933,0.8782470751528075,0.7909634788813367,0.8323232273361216,0.8249165045879863,0.9370302410104562,0.7128027681655164
Rissbilder_for_Florian_9S6A2884_388_1759_3019_3348.jpg,0.6829035339058974,0.6829035339058974,0.8115777525535617,0.9341430664061074,0.8404159131999634,0.7846530474415121,0.8115777475590948,0.8030811832150242,0.9232588325241509,0.6829035339058974
Rissbilder_for_Florian_9S6A2884_471_3164_3121_2526.jpg,0.6674270072982551,0.6674270072982551,0.8005471956217048,0.9666290283201651,0.8486078886294497,0.7576385292581432,0.8005471906370123,0.8158303695623397,0.9642337318264242,0.6674270072982551
Rissbilder_for_Florian_9S6A2886_195_174_3194_3859.jpg,0.21789883268058563,0.21789883268058563,0.35782747603262255,0.9938659667967233,0.7466666666168889,0.23529411764211566,0.35782747238289664,0.6058771492822566,0.9938554658839274,0.21789883268058563
Rissbilder_for_Florian_9S6A2886_283_958_3365_3578.jpg,0.17957746478557082,0.17957746478557082,0.30447761193575407,0.9928894042967236,0.6845637583433178,0.19577735124384305,0.30447760847257743,0.5862278924623981,0.9928783201392254,0.17957746478557082
Rissbilder_for_Florian_9S6A2886_608_1575_2678_2020.jpg,0.3603448275846537,0.3603448275846537,0.5297845373874215,0.9773559570311009,0.7145299145238075,0.4209466263825733,0.5297845327199968,0.6687040984908603,0.977063369397067,0.3603448275846537
Rissbilder_for_Florian_9S6A2886_984_32_2437_2598.jpg,0.25739644970223824,0.25739644970223824,0.40941176470347407,0.9846801757810998,0.7145790554268053,0.2868920032952441,0.409411760612962,0.6209974210221181,0.9845983923419979,0.25739644970223824
Rissbilder_for_Florian_9S6A2887_1321_1181_2393_2815.jpg,0.8172646467265239,0.8172646467265239,0.8994448312178192,0.9140472412107981,0.9001679351124092,0.8987228881275332,0.8994448262176616,0.8388184770949056,0.8603723074632873,0.8172646467265239
Rissbilder_for_Florian_9S6A2887_852_425_2162_2764.jpg,0.7660450160766777,0.7660450160766777,0.8675260359766704,0.9444885253904809,0.8758823529405324,0.8593276583459389,0.8675260309768097,0.8491011295510075,0.9321572430253372,0.7660450160766777
Rissbilder_for_Florian_9S6A2888_40_1228_2153_2753.jpg,0.5119472182587163,0.5119472182587163,0.6772025002940474,0.9582366943357913,0.7701180257490072,0.6042938328760171,0.6772024953660323,0.7341352623647402,0.9563233064707642,0.5119472182587163
Rissbilder_for_Florian_9S6A2889_1294_1071_2540_2266.jpg,0.6467505241022353,0.6467505241022353,0.7854869509816329,0.9948577880857857,0.8193891102148819,0.754278728597136,0.7854869459851923,0.8207797199139164,0.9948089157255974,0.6467505241022353
Rissbilder_for_Florian_9S6A2889_144_1107_3024_4021.jpg,0.5971659918967898,0.5971659918967898,0.7477820025301155,0.9939270019529733,0.7887700534653908,0.7108433734854115,0.7477819975388782,0.7955189119400654,0.993871831983341,0.5971659918967898
Rissbilder_for_Florian_9S6A2889_340_766_2920_2435.jpg,0.6349670811950625,0.6349670811950625,0.7767337807571512,0.9923858642576611,0.8127340823893939,0.7437874892824012,0.7767337757634862,0.8136253727246272,0.9922836642541919,0.6349670811950625
Rissbilder_for_Florian_9S6A2889_459_827_2514_3302.jpg,0.6261127596392723,0.6261127596392723,0.7700729926972169,0.9923095703123487,0.8170377541063211,0.7282139775605849,0.7700729877102245,0.8091609986286858,0.9922092376180993,0.6261127596392723
Rissbilder_for_Florian_9S6A2889_470_1014_3063_3785.jpg,0.6470588235222302,0.6470588235222302,0.7857142857089912,0.9951477050779732,0.8352435529966298,0.741730279888782,0.7857142807212785,0.8210814878776151,0.9951041522330001,0.6470588235222302
Rissbilder_for_Florian_9S6A2889_680_1937_2320_2689.jpg,0.6770087509890453,0.6770087509890453,0.8074003795028112,0.9938049316404735,0.8392504930883703,0.7778793418576063,0.8074003745061823,0.8353660899568406,0.9937234289246358,0.6770087509890453
Rissbilder_for_Florian_9S6A2890_0_0_3840_5760.jpg,0.9075090005135371,0.9075090005135371,0.9515121556639772,0.9835357666014125,0.9763902978871378,0.9278702892191693,0.9515121506667957,0.9439363052030842,0.9803636098926314,0.9075090005135371
Rissbilder_for_Florian_9S6A2890_259_1054_3184_4049.jpg,0.8867125463198657,0.8867125463198657,0.9399551066212458,0.9836730957029749,0.9738372093011931,0.9083514099773228,0.9399551016267709,0.9339967448100981,0.9812809433003304,0.8867125463198657
Rissbilder_for_Florian_9S6A2890_319_665_3489_4427.jpg,0.9250217328303932,0.9250217328303932,0.9610506905501971,0.9842071533201624,0.9810233558689451,0.9418750461009501,0.961050685551908,0.9527036005102769,0.9803854681901605,0.9250217328303932
Rissbilder_for_Florian_9S6A2890_320_1063_3512_3039.jpg,0.9226145316598059,0.9226145316598059,0.9597498785815446,0.9797668457029756,0.9776142477268087,0.9425266797824225,0.9597498735829229,0.9479744687577919,0.9733344058557779,0.9226145316598059
Rissbilder_for_Florian_9S6A2890_664_1835_3078_3734.jpg,0.8909745185752859,0.8909745185752859,0.9423442884323703,0.9828948974607876,0.9742635329139909,0.9124501992022783,0.9423442834372525,0.9355449089549618,0.9801152993346377,0.8909745185752859
Rissbilder_for_Florian_9S6A2892_1903_519_3244_3303.jpg,0.0,0.0,0.0,0.9999999999998475,0.0,0.0,0.0,0.4999999999999237,0.9999999999998475,0.0
Rissbilder_for_Florian_9S6A2893_1020_77_2817_2919.jpg,0.778583523521763,0.778583523521763,0.8755096549866764,0.9082183837889239,0.8840173869427049,0.8671641179119891,0.8755096499869583,0.821532383592484,0.8644812436632051,0.778583523521763
Rissbilder_for_Florian_9S6A2894_126_506_3047_2516.jpg,0.0,0.0,0.0,0.999984741210785,0.0,0.0,0.0,0.4999923706053925,0.999984741210785,0.0
Rissbilder_for_Florian_9S6A2894_2946_1337_2635_2361.jpg,0.9462858780947625,0.9462858780947625,0.9724017306451308,0.9771270751951634,0.970026447252068,0.974788675205428,0.9724017256449817,0.9539878582866778,0.961689838478593,0.9462858780947625
Rissbilder_for_Florian_9S6A2894_365_370_2771_2476.jpg,0.0,0.0,0.0,0.99995422363266,0.0,0.0,0.0,0.49997711181633,0.99995422363266,0.0
Rissbilder_for_Florian_9S6A2895_1052_1345_2485_3231.jpg,0.7999999984,0.7999999984,0.8888888879012344,0.999984741210785,0.9999999975,0.7999999984,0.8888888819753088,0.8999923693397027,0.9999847402794055,0.7999999984
Rissbilder_for_Florian_9S6A2895_567_1316_3172_2479.jpg,0.14285714265306124,0.14285714265306124,0.24999999968749997,0.9999084472654725,0.9999999900000002,0.14285714265306124,0.24999999718750004,0.5713827942607642,0.9999084458684673,0.14285714265306124
Rissbilder_for_Florian_9S6A2896_534_390_2877_3013.jpg,0.937787080643951,0.937787080643951,0.9678948631779634,0.9673461914061025,0.9660687011467264,0.969727942281386,0.9678948581778362,0.9367401657199959,0.9356932507960408,0.937787080643951
Rissbilder_for_Florian_9S6A2897_23_2367_3737_3031.jpg,0.9291138695865309,0.9291138695865309,0.9632545639057262,0.9497222900389176,0.9596906804139906,0.9668450155586723,0.9632545589056878,0.8908366913708445,0.8525595131551581,0.9291138695865309
Rissbilder_for_Florian_9S6A2900_168_509_3481_2745.jpg,0.9739814882295434,0.9739814882295434,0.986819272660053,0.9782104492186008,0.9877857235247727,0.9858547111002738,0.9868192676599666,0.9278847838495061,0.8817880794694687,0.9739814882295434
Rissbilder_for_Florian_9S6A2900_947_2603_2400_2339.jpg,0.8476447182635763,0.8476447182635763,0.9175408127815786,0.9818878173826627,0.9258376559639341,0.9093913522433085,0.917540807781343,0.9137514299251619,0.9798581415867476,0.8476447182635763
Rissbilder_for_Florian_9S6A2901_1081_809_2252_2181.jpg,0.8139722708303464,0.8139722708303464,0.8974473137428395,0.8734741210936168,0.8811015590847343,0.9144110086191557,0.8974473087444492,0.7652619267598241,0.7165515826893017,0.8139722708303464
Rissbilder_for_Florian_9S6A2901_975_1302_2848_3680.jpg,0.7578893409794771,0.7578893409794771,0.8622719568425045,0.8846893310545525,0.8483414021872517,0.8766676549062864,0.8622719518436955,0.7887226074523914,0.8195558739253058,0.7578893409794771
Rissbilder_for_Florian_9S6A2902_200_2855_2383_2676.jpg,0.8893346024837074,0.8893346024837074,0.9414262580218388,0.9254913330076713,0.9366064396016573,0.9462959390371019,0.9414262530218583,0.8518169494637944,0.8142992964438812,0.8893346024837074
Rissbilder_for_Florian_9S6A2902_523_831_2883_3336.jpg,0.918309105502378,0.918309105502378,0.9574151557414265,0.9301147460936081,0.9536908400479849,0.9611686735739828,0.9574151507414139,0.7961768287455402,0.6740445519887025,0.918309105502378
Rissbilder_for_Florian_9S6A2902_894_2369_1946_2287.jpg,0.9204529568011584,0.9204529568011584,0.9585790201644195,0.9392242431639193,0.9548948513413541,0.9622917275648386,0.9585790151643944,0.8578252032049819,0.7951974496088055,0.9204529568011584
Rissbilder_for_Florian_9S6A2903_130_1249_3398_2848.jpg,0.9034592304975462,0.9034592304975462,0.9492814093647706,0.9165344238279852,0.9390937442669347,0.959692538432516,0.949281404365271,0.761084139157661,0.6187090478177758,0.9034592304975462
Rissbilder_for_Florian_9S6A2903_1569_1666_2006_2508.jpg,0.9229865864174317,0.9229865864174317,0.9599511436395164,0.9359588623045447,0.9580587406192226,0.9618510373838872,0.9599511386394444,0.8237602924208698,0.7245339984243079,0.9229865864174317
Rissbilder_for_Florian_9S6A2903_448_1514_2844_3694.jpg,0.8848897473654336,0.8848897473654336,0.9389299810264979,0.9081573486326739,0.9311170587404803,0.9468751279005962,0.9389299760267548,0.7862370464220795,0.6875843454787254,0.8848897473654336
Rissbilder_for_Florian_9S6A2904_151_2184_3614_3512.jpg,0.9155912018469036,0.9155912018469036,0.9559359021529675,0.9470062255857931,0.94050680314544,0.9718796759710614,0.9559358971541921,0.895475043932195,0.8753588860174866,0.9155912018469036
Rissbilder_for_Florian_9S6A2904_204_1281_2805_3650.jpg,0.8934273358881616,0.8934273358881616,0.9437144156039937,0.9206542968748596,0.9319323599202746,0.9557981977239239,0.9437144106046909,0.8282248560221095,0.7630223761560575,0.8934273358881616
Rissbilder_for_Florian_9S6A2906_731_794_2280_2741.jpg,0.8255300768116842,0.8255300768116842,0.9044278013249554,0.8582458496092441,0.8827238588668228,0.9272259370977014,0.9044277963278852,0.6975094658583261,0.569488854904968,0.8255300768116842
Rissbilder_for_Florian_9S6A2907_0_0_3840_5760.jpg,0.7648997528149506,0.7648997528149506,0.8667911609086731,0.8693847656248673,0.8371659602606677,0.8985900041942055,0.8667911559147996,0.768879850403021,0.7728599479910915,0.7648997528149506
Rissbilder_for_Florian_9S6A2907_137_798_3111_3216.jpg,0.811142305318119,0.811142305318119,0.8957245412868268,0.855270385742057,0.865035885675274,0.928670754781287,0.8957245362930214,0.7143258909442807,0.6175094765704422,0.811142305318119
Rissbilder_for_Florian_9S6A2907_425_1326_2457_3108.jpg,0.8280938973870079,0.8280938973870079,0.9059642927211197,0.8537292480467448,0.8791600030460591,0.9344544277155306,0.9059642877256786,0.6664618461570855,0.5048297949271632,0.8280938973870079
Rissbilder_for_Florian_9S6A2908_1002_533_3628_3194.jpg,0.6472376954332103,0.6472376954332103,0.7858461437928568,0.7999725341795655,0.761669516751928,0.8116078960685637,0.7858461387977661,0.6656181727575023,0.6839986500817945,0.6472376954332103
Rissbilder_for_Florian_9S6A2908_2076_746_2586_2274.jpg,0.6991562998807421,0.6991562998807421,0.8229452463317394,0.8188171386717501,0.7960708516037399,0.8516975308639346,0.8229452413373151,0.6930983523598266,0.6870404048389113,0.6991562998807421
Rissbilder_for_Florian_9S6A2908_360_327_2721_2947.jpg,0.6747906655538588,0.6747906655538588,0.8058209057795331,0.8275451660154988,0.7851809689621371,0.8275752549667122,0.8058209007828496,0.7031194625142787,0.7314482594746985,0.6747906655538588
Rissbilder_for_Florian_9S6A2908_577_392_3410_3134.jpg,0.6520971538624406,0.6520971538624406,0.7894174411449129,0.8015441894530028,0.7658812441090902,0.8144460777760208,0.789417436149507,0.6680477022530673,0.6839982506436941,0.6520971538624406
Rissbilder_for_Florian_9S6A2909_105_2435_3368_2735.jpg,0.5319148936168061,0.5319148936168061,0.6944444444442611,0.8234252929686244,0.6982795242137328,0.690651260503839,0.6944444394442286,0.6555080901099741,0.7791012866031423,0.5319148936168061
Rissbilder_for_Florian_9S6A2909_137_2154_3193_3358.jpg,0.5368784353826167,0.5368784353826167,0.6986608999415846,0.8341522216795603,0.6907894736838318,0.7067137809183315,0.6986608949420401,0.6657775129912182,0.7946765905998197,0.5368784353826167
Rissbilder_for_Florian_9S6A2910_538_2394_2665_3160.jpg,0.6193247962740825,0.6193247962740825,0.7649173256644892,0.9451141357420433,0.738702347891014,0.7930613904312331,0.7649173206702864,0.7795286939616393,0.9397325916491959,0.6193247962740825
Rissbilder_for_Florian_9S6A2911_0_0_3840_5760.jpg,0.2711431575780815,0.2711431575780815,0.42661309383074136,0.9259643554686088,0.6544597534421521,0.31644460027995014,0.4266130894362608,0.5975053315937258,0.92386750560937,0.2711431575780815
Rissbilder_for_Florian_9S6A2911_15_571_3815_3383.jpg,0.31723421618790915,0.31723421618790915,0.4816671360177518,0.8595733642576814,0.6606922126071374,0.3789772223696012,0.4816671313845933,0.5835028410354458,0.8497714658829825,0.31723421618790915
Rissbilder_for_Florian_9S6A2911_22_1087_3811_3470.jpg,0.3167084246787373,0.3167084246787373,0.48106083130137295,0.8668365478514303,0.6571892770094928,0.3793847308193778,0.48106082666021405,0.5873926082021081,0.8580767917254789,0.3167084246787373
Rissbilder_for_Florian_9S6A2911_48_893_3531_3854.jpg,0.3063690896257001,0.3063690896257001,0.4690390978455878,0.8800201416014283,0.6477060798197544,0.3676299354288476,0.46903909322572557,0.5898376231364186,0.8733061566471371,0.3063690896257001
Rissbilder_for_Florian_9S6A2912_26_2460_2845_2704.jpg,0.8359405051927055,0.8359405051927055,0.9106400810139138,0.9219055175779843,0.9059894385766725,0.9153387153383941,0.9106400760138866,0.8531164840321996,0.8702924628716939,0.8359405051927055
Rissbilder_for_Florian_9S6A2912_80_186_3645_3926.jpg,0.8527751366767137,0.8527751366767137,0.9205381913817342,0.9243927001951715,0.9175511508948473,0.9235447437008323,0.9205381863816396,0.8591281683110913,0.8654811999454689,0.8527751366767137
Rissbilder_for_Florian_9S6A2913_321_16_3485_4543.jpg,0.7552108159637833,0.7552108159637833,0.8605357363287421,0.8276062011717488,0.8358752997599914,0.8866954973286985,0.8605357313329879,0.6934789412282032,0.6317470664926232,0.7552108159637833
Rissbilder_for_Florian_9S6A2913_61_1880_3660_3617.jpg,0.7331250570097754,0.7331250570097754,0.8460151840106254,0.8214263916014372,0.826579935208303,0.8663863960975379,0.8460151790132785,0.691299701656017,0.6494743463022585,0.7331250570097754
Rissbilder_for_Florian_9S6A2913_833_864_2288_2646.jpg,0.7994406629787165,0.7994406629787165,0.8885435117992242,0.8511810302733076,0.8617471682218293,0.917059822607823,0.8885435068039573,0.7168058528695844,0.6341710427604523,0.7994406629787165
Rissbilder_for_Florian_9S6A2914_10_816_3799_4560.jpg,0.6218200891684298,0.6218200891684298,0.7668175937902719,0.8239746093748743,0.7680907066204624,0.7655486943533254,0.7668175887901307,0.6870481651819695,0.7522762411955094,0.6218200891684298
Rissbilder_for_Florian_9S6A2914_50_294_3788_4524.jpg,0.5665991530102866,0.5665991530102866,0.7233492395569632,0.8204193115233124,0.7274704491722328,0.7192744612216729,0.7233492345569534,0.6659615904631926,0.7653240279160987,0.5665991530102866
Rissbilder_for_Florian_9S6A2915_239_1805_3384_3260.jpg,0.5872359099741122,0.5872359099741122,0.7399478631801999,0.7990722656248781,0.728269320478647,0.7520070648680347,0.7399478581813396,0.6529402061728261,0.71864450237154,0.5872359099741122
Rissbilder_for_Florian_9S6A2915_573_1569_2875_2975.jpg,0.5521903199341912,0.5521903199341912,0.7114982136438046,0.7917633056639417,0.6998835468305191,0.723504879831152,0.7114982086450311,0.6360052363405128,0.7198201527468343,0.5521903199341912
Rissbilder_for_Florian_9S6A2916_1057_87_4539_3701.jpg,0.26042604260347907,0.26042604260347907,0.4132349440599542,0.9623870849607907,0.48545861297267645,0.359718193119106,0.41323493916963927,0.6111541359178586,0.9618822292322382,0.26042604260347907
Rissbilder_for_Florian_9S6A2916_158_595_3634_2853.jpg,0.3257195066235333,0.3257195066235333,0.4913852515500903,0.9324340820311078,0.5360902255625662,0.4535623409659594,0.49138524658429605,0.6279369651671439,0.9301544237107545,0.3257195066235333
Rissbilder_for_Florian_9S6A2916_26_880_2781_2363.jpg,0.3803834398438728,0.3803834398438728,0.5511272141701377,0.9319458007811079,0.5646525056701079,0.5382347159415407,0.551127209172452,0.6546810348681984,0.9289786298925239,0.3803834398438728
Rissbilder_for_Florian_9S6A2917_540_580_2672_2056.jpg,0.7571333975437163,0.7571333975437163,0.8617824902788911,0.8768768310545537,0.842628881519163,0.8818271050967953,0.861782485281327,0.7786558496100247,0.800178301676333,0.7571333975437163
Rissbilder_for_Florian_9S6A2917_67_1579_3733_3937.jpg,0.6781105513764826,0.6781105513764826,0.8081834070112454,0.8576507568358067,0.7763994785285124,0.8426807306402355,0.8081834020194587,0.7373945298781595,0.7966785083798364,0.6781105513764826
Rissbilder_for_Florian_9S6A2917_68_1226_3712_2925.jpg,0.7073281747835949,0.7073281747835949,0.8285790455877052,0.8430175781248714,0.8012890750883657,0.8577934175116063,0.8285790405933666,0.7271888710266388,0.7470495672696826,0.7073281747835949
Rissbilder_for_Florian_9S6A2918_268_854_3503_4547.jpg,0.4124423963086124,0.4124423963086124,0.584013050566199,0.9922180175779737,0.7019607842999616,0.49999999999301675,0.5840130457025993,0.7023088350869374,0.9921752738652625,0.4124423963086124
Rissbilder_for_Florian_9S6A2919_1832_110_2691_3505.jpg,0.307084729534928,0.307084729534928,0.46987731184678655,0.9558258056639167,0.5725122713048973,0.3984472049677067,0.469877307006617,0.6310142337851787,0.9549437380354295,0.307084729534928
Rissbilder_for_Florian_9S6A2919_2002_227_3415_3544.jpg,0.24854975457274187,0.24854975457274187,0.3981415296626228,0.9743041992186013,0.5938166311237333,0.29946236558978784,0.39814152520412066,0.6113168446911499,0.9740839348095579,0.24854975457274187
Rissbilder_for_Florian_9S6A2919_311_375_3331_2605.jpg,0.30800990916534265,0.30800990916534265,0.4709595959588527,0.9488525390623552,0.5999195818230804,0.38763315146690663,0.470959591189153,0.6278354461196656,0.9476609830739886,0.30800990916534265
Rissbilder_for_Florian_9S6A2919_815_11_3213_3820.jpg,0.2816030123714858,0.2816030123714858,0.4394543546685426,0.9592437744139162,0.5982857142822956,0.34726368159088805,0.43945435002001176,0.6200925480687804,0.9585820837660751,0.2816030123714858
Rissbilder_for_Florian_9S6A2919_910_611_3253_2887.jpg,0.28587123709012113,0.28587123709012113,0.4446343130546059,0.95040893554673,0.5959688502034083,0.3545925320241085,0.44463430837624907,0.6176378836652482,0.9494045302403753,0.28587123709012113
Rissbilder_for_Florian_9S6A2922_0_1232_3818_3021.jpg,0.8490798137917343,0.8490798137917343,0.9183809238072921,0.9045257568357995,0.9029626779528274,0.9343348550799092,0.9183809188086302,0.8214048109637788,0.7937298081358233,0.8490798137917343
Rissbilder_for_Florian_9S6A2923_67_452_2779_2531.jpg,0.7299242424236894,0.7299242424236894,0.8438800087581152,0.9456024169920433,0.8318943187697876,0.8562161201449779,0.8438800037587836,0.8330753928884751,0.9362265433532609,0.7299242424236894
Rissbilder_for_Florian_9S6A3085_1248_1299_2553_2965.jpg,0.0,0.0,0.0,0.9999999999998475,0.0,0.0,0.0,0.4999999999999237,0.9999999999998475,0.0
Rissbilder_for_Florian_9S6A3087_391_2370_3356_3333.jpg,0.8633528980185476,0.8633528980185476,0.9266660104337938,0.9658966064451652,0.9325100706590949,0.9208947437061947,0.926666005433686,0.9099415467433052,0.9565301954680626,0.8633528980185476
Rissbilder_for_Florian_9S6A3087_633_115_3073_3932.jpg,0.8949072453620072,0.8949072453620072,0.9445393673515056,0.9450225830076684,0.937970039742911,0.9512013641292973,0.9445393623516055,0.8957680682410529,0.8966288911200986,0.8949072453620072
Rissbilder_for_Florian_9S6A3089_1343_1332_1920_2361.jpg,0.9070939863159967,0.9070939863159967,0.9512839879153133,0.9252014160154839,0.9434642906422473,0.9592343922234775,0.9512839829155624,0.8148765546853752,0.7226591230547538,0.9070939863159967
Rissbilder_for_Florian_9S6A3089_182_1514_3443_2740.jpg,0.9334399397985264,0.9334399397985264,0.9655742809324558,0.9460144042967307,0.9636052902447101,0.9675513348021748,0.9655742759323828,0.8555948992287506,0.777749858658975,0.9334399397985264
Rissbilder_for_Florian_9S6A3089_266_2226_2784_3087.jpg,0.9386156100858783,0.9386156100858783,0.9683359663489957,0.9501495361326675,0.9661354581671439,0.9705465213419264,0.9683359613489277,0.8644685777787102,0.790321545471542,0.9386156100858783
Rissbilder_for_Florian_9S6A3089_30_1608_3794_4039.jpg,0.9329340036365531,0.9329340036365531,0.9653035249846754,0.9521636962889173,0.9631183745580912,0.9674986134218597,0.9653035199845945,0.8949765338804727,0.8570190641243924,0.9329340036365531
Rissbilder_for_Florian_9S6A3090_1302_386_2455_2143.jpg,0.9121098675148077,0.9121098675148077,0.9540349987318333,0.9308624267576705,0.9468025128864074,0.9613788309376293,0.9540349937320283,0.8336880762439667,0.7552662849731255,0.9121098675148077
Rissbilder_for_Florian_9S6A3090_1426_44_2941_3786.jpg,0.9272912226310485,0.9272912226310485,0.9622741096336791,0.9541931152342294,0.9600541638453923,0.9645043456352276,0.9622741046335851,0.9085630425080216,0.8898348623849945,0.9272912226310485
Rissbilder_for_Florian_9S6A3091_158_1453_3517_3938.jpg,0.9198162050217059,0.9198162050217059,0.9582336086295369,0.9621887207029782,0.9557849433438835,0.9606948528166005,0.9582336036294081,0.9265208753482373,0.9332255456747688,0.9198162050217059
Rissbilder_for_Florian_9S6A3091_37_518_2574_2311.jpg,0.8943774722167795,0.8943774722167795,0.944244201943754,0.9315490722654829,0.9412493495549865,0.9472581731126538,0.9442441969436873,0.8657731281227569,0.8371687840287342,0.8943774722167795
Rissbilder_for_Florian_9S6A3092_0_0_5760_3840.jpg,0.9293151073018877,0.9293151073018877,0.9633627019087806,0.9695434570311021,0.9632566163781656,0.9634688108084725,0.9633626969086038,0.9392592740152553,0.949203440728623,0.9293151073018877
Rissbilder_for_Florian_9S6A3092_1060_124_4676_3701.jpg,0.9340394116642247,0.9340394116642247,0.9658949099289467,0.9645538330076654,0.9649740385458756,0.9668175405593209,0.9658949049288095,0.931435624461914,0.9288318372596033,0.9340394116642247
Rissbilder_for_Florian_9S6A3092_1163_474_2660_2659.jpg,0.8988420019623556,0.8988420019623556,0.9467264796475418,0.960678100585791,0.9477256736058326,0.9457293903845424,0.9467264746473515,0.9192014784893936,0.9395609550164316,0.8988420019623556
Rissbilder_for_Florian_9S6A3092_272_70_2808_2402.jpg,0.7667152339310884,0.7667152339310884,0.8679556492248988,0.9780120849607883,0.8804610522385565,0.8558005059615905,0.8679556442251121,0.8715072880180955,0.9762993421051026,0.7667152339310884
Rissbilder_for_Florian_9S6A3092_419_511_2526_3255.jpg,0.8060555323002608,0.8060555323002608,0.8926143386893955,0.9575805664061039,0.898794243484326,0.8865188367982149,0.8926143336892871,0.8772784423013522,0.9485013523024437,0.8060555323002608
Rissbilder_for_Florian_9S6A3093_1208_755_2573_1952.jpg,0.8804575619976481,0.8804575619976481,0.9364290689573661,0.9373321533201695,0.9325461664146091,0.9403444416808815,0.9364290639573079,0.8820345451611383,0.8836115283246285,0.8804575619976481
Rissbilder_for_Florian_9S6A3094_4_1044_3836_4399.jpg,0.8907882698507773,0.8907882698507773,0.9422401059438339,0.9653930664061028,0.9419042769852638,0.9425761744619675,0.9422401009435946,0.9212854545247517,0.9517826391987262,0.8907882698507773
Rissbilder_for_Florian_9S6A3094_504_2131_3084_3443.jpg,0.8611026500143556,0.8611026500143556,0.9253682487719992,0.9791259765623507,0.9304443225442343,0.9203472599013344,0.9253682437716432,0.9185628927925624,0.9760231355707693,0.8611026500143556
Rissbilder_for_Florian_9S6A3094_93_96_3724_4397.jpg,0.8758618091395562,0.8758618091395562,0.9338233817354675,0.9497222900389176,0.9304782869718109,0.9371926146896166,0.9338233767353447,0.8989718618152234,0.9220819144908906,0.8758618091395562
Rissbilder_for_Florian_9S6A3095_1097_792_2469_2780.jpg,0.83214258277573,0.83214258277573,0.9083819028047682,0.9666595458982901,0.9123220752961236,0.9044756179017163,0.9083818978044806,0.8961001741020213,0.9600577654283124,0.83214258277573
Rissbilder_for_Florian_9S6A3095_205_1689_3109_3376.jpg,0.8679934650227632,0.8679934650227632,0.9293324428329153,0.9321899414061078,0.9285056083375398,0.9301607512331911,0.9293324378327715,0.872809895116245,0.8776263252097267,0.8679934650227632
Rissbilder_for_Florian_9S6A3095_89_2165_3402_3441.jpg,0.8653642923998717,0.8653642923998717,0.9278233704007952,0.9319610595701703,0.9238902678827491,0.9317901033874335,0.9278233654007355,0.8722227688269997,0.8790812452541277,0.8653642923998717
Rissbilder_for_Florian_9S6A3096_213_2320_3256_3060.jpg,0.0,0.0,0.0,0.9999999999998475,0.0,0.0,0.0,0.4999999999999237,0.9999999999998475,0.0
Rissbilder_for_Florian_9S6A3097_11_1308_3775_4325.jpg,0.0,0.0,0.0,0.9999999999998475,0.0,0.0,0.0,0.4999999999999237,0.9999999999998475,0.0
Rissbilder_for_Florian_9S6A3097_3_600_3613_4223.jpg,0.0,0.0,0.0,0.9999999999998475,0.0,0.0,0.0,0.4999999999999237,0.9999999999998475,0.0
Rissbilder_for_Florian_9S6A3097_443_1733_2476_1932.jpg,0.0,0.0,0.0,0.9999999999998475,0.0,0.0,0.0,0.4999999999999237,0.9999999999998475,0.0
Rissbilder_for_Florian_9S6A3097_499_1720_3254_3101.jpg,0.0,0.0,0.0,0.9999999999998475,0.0,0.0,0.0,0.4999999999999237,0.9999999999998475,0.0
Rissbilder_for_Florian_9S6A3098_567_1293_2566_3215.jpg,0.809042898174493,0.809042898174493,0.8944430217668128,0.9056549072264244,0.883895131085844,0.9052456976982151,0.894443016767372,0.8259373108054923,0.8428317234364915,0.809042898174493
Rissbilder_for_Florian_9S6A3101_241_253_3564_4589.jpg,0.8927870744371343,0.8927870744371343,0.9433571123710531,0.9432983398436061,0.9395475937449707,0.9471976491472199,0.9433571073709915,0.8926816963303716,0.8925763182236088,0.8927870744371343
Rissbilder_for_Florian_9S6A3101_886_2997_2804_2741.jpg,0.8906091465931792,0.8906091465931792,0.9421398898847286,0.9555816650389167,0.9402523208756088,0.944035052777955,0.9421398848845616,0.9105139623394081,0.9304187780856368,0.8906091465931792
Rissbilder_for_Florian_9S6A3102_15_2298_3780_2854.jpg,0.9705029188873835,0.9705029188873835,0.9850306838777627,0.9751739501951637,0.9844781609193592,0.9855838273739763,0.9850306788776739,0.9174880275399581,0.8644731361925326,0.9705029188873835
Rissbilder_for_Florian_9S6A3102_3_1732_3836_3512.jpg,0.9664723032068041,0.9664723032068041,0.9829503335803301,0.9743804931639138,0.9816245816852284,0.9842796713574831,0.9829503285802396,0.9342485808497981,0.9020248584927921,0.9664723032068041
Rissbilder_for_Florian_9S6A3102_838_236_2828_2844.jpg,0.9147174197291045,0.9147174197291045,0.9554594430529799,0.9820861816404752,0.9566935116236462,0.954228554106582,0.9554594380526258,0.9462715234032935,0.9778256270774823,0.9147174197291045
Rissbilder_for_Florian_9S6A3103_0_0_3840_5760.jpg,0.9477459016390094,0.9477459016390094,0.9731720147289135,0.9774322509764134,0.9716034626386426,0.9747456395345295,0.9731720097287498,0.9547698535085386,0.9617938053780678,0.9477459016390094
Rissbilder_for_Florian_9S6A3103_888_2276_2886_3270.jpg,0.9230118443308604,0.9230118443308604,0.9599648042230708,0.9861145019529746,0.9601337674901345,0.9597959004126332,0.9599647992226487,0.9531765551972298,0.9833412660635992,0.9230118443308604
Rissbilder_for_Florian_9S6A3104_0_0_5760_3840.jpg,0.9415513405479311,0.9415513405479311,0.9698958980731491,0.976348876952976,0.973488245155377,0.9663299663295923,0.9698958930730288,0.951671472280404,0.9617916040128771,0.9415513405479311
Rissbilder_for_Florian_9S6A3104_1118_150_4572_3671.jpg,0.9254947005686182,0.9254947005686182,0.9613058922419369,0.9782257080076633,0.9708620878513687,0.9519359862515697,0.9613058872421606,0.9478236941453246,0.970152687722031,0.9254947005686182
Rissbilder_for_Florian_9S6A3105_126_2056_3527_2964.jpg,0.7555024849927351,0.7555024849927351,0.8607250533124271,0.9421997070311062,0.8614218428018388,0.8600293901536663,0.8607250483121138,0.8425670549463564,0.9296316248999779,0.7555024849927351
Rissbilder_for_Florian_9S6A3105_871_2904_2401_2180.jpg,0.7238430583494937,0.7238430583494937,0.8398015757217976,0.9497375488279801,0.845393126406692,0.8342835056519139,0.8398015707216079,0.8329770281026455,0.9421109978557973,0.7238430583494937
Rissbilder_for_Florian_9S6A3106_0_0_3840_5760.jpg,0.9358928185547303,0.9358928185547303,0.9668849531178437,0.9728393554686016,0.9657709889616212,0.9680014900350277,0.9668849481176705,0.9454432487209865,0.9549936788872428,0.9358928185547303
Rissbilder_for_Florian_9S6A3106_58_1374_3377_3886.jpg,0.9374314370784604,0.9374314370784604,0.9677054053505556,0.9756317138670386,0.967803260121762,0.9676075703651862,0.96770540035036,0.949525158804442,0.9616188805304234,0.9374314370784604
Rissbilder_for_Florian_9S6A3106_787_356_2732_3096.jpg,0.9387597081111855,0.9387597081111855,0.9684126446239812,0.9601745605467286,0.9673823685862548,0.9694451175185439,0.9684126396238698,0.9182575130047645,0.8977553178983437,0.9387597081111855
Rissbilder_for_Florian_9S6A3108_147_2397_2828_3305.jpg,0.9999999983333333,0.9999999983333333,0.9999999991666666,0.9999999999998475,0.9999999983333333,0.9999999983333333,0.9999999933333332,0.9999999991665904,0.9999999999998475,0.9999999983333333
Rissbilder_for_Florian_9S6A3108_160_1043_3170_3960.jpg,0.7499999981250001,0.7499999981250001,0.8571428559183674,0.999984741210785,0.9999999966666667,0.7499999981250001,0.8571428497959185,0.8749923693186306,0.999984740512261,0.7499999981250001
Rissbilder_for_Florian_9S6A3109_121_2513_2554_2411.jpg,0.8461538459911242,0.8461538459911242,0.9166666665711806,0.9998779296873475,0.879999999824,0.9565217389224953,0.916666661484375,0.9230158468335118,0.9998778476758994,0.8461538459911242
Rissbilder_for_Florian_9S6A3109_541_1628_2803_3003.jpg,0.8372093021308815,0.8372093021308815,0.9113924049479251,0.99989318847641,0.8372093021308815,0.9999999997222222,0.9113923998718154,0.9185512159508606,0.9998931297708398,0.8372093021308815
Rissbilder_for_Florian_9S6A3110_1129_2899_1964_2510.jpg,0.79999999968,0.79999999968,0.888888888691358,0.999923706054535,0.9090909086776859,0.8695652170132325,0.8888888834962965,0.8999618412221815,0.9999236827643629,0.79999999968
Rissbilder_for_Florian_9S6A3110_188_2755_3622_2821.jpg,0.7692307686390532,0.7692307686390532,0.8695652170132325,0.99995422363266,0.8333333326388889,0.9090909082644627,0.8695652116446124,0.8845924926428639,0.9999542166466746,0.7692307686390532
Rissbilder_for_Florian_9S6A3111_157_1679_3296_3659.jpg,0.0,0.0,0.0,0.9999999999998475,0.0,0.0,0.0,0.4999999999999237,0.9999999999998475,0.0
Rissbilder_for_Florian_9S6A3111_441_2359_2378_2650.jpg,0.0,0.0,0.0,0.999923706054535,0.0,0.0,0.0,0.4999618530272675,0.999923706054535,0.0
Rissbilder_for_Florian_9S6A3111_747_1100_2428_2871.jpg,0.0,0.0,0.0,0.999923706054535,0.0,0.0,0.0,0.4999618530272675,0.999923706054535,0.0
Rissbilder_for_Florian_9S6A3113_0_0_3840_5760.jpg,0.0,0.0,0.0,0.9999999999998475,0.0,0.0,0.0,0.4999999999999237,0.9999999999998475,0.0
Rissbilder_for_Florian_9S6A3113_130_1478_2421_3131.jpg,0.0,0.0,0.0,0.9999999999998475,0.0,0.0,0.0,0.4999999999999237,0.9999999999998475,0.0
Rissbilder_for_Florian_9S6A3113_498_483_2846_3371.jpg,0.0,0.0,0.0,0.9999999999998475,0.0,0.0,0.0,0.4999999999999237,0.9999999999998475,0.0
Rissbilder_for_Florian_9S6A3113_747_745_2654_3458.jpg,0.0,0.0,0.0,0.9999999999998475,0.0,0.0,0.0,0.4999999999999237,0.9999999999998475,0.0
Rissbilder_for_Florian_9S6A3115_1134_50_2328_3073.jpg,0.0,0.0,0.0,0.9999999999998475,0.0,0.0,0.0,0.4999999999999237,0.9999999999998475,0.0
Rissbilder_for_Florian_9S6A3115_469_1658_2661_2121.jpg,0.0,0.0,0.0,0.9999999999998475,0.0,0.0,0.0,0.4999999999999237,0.9999999999998475,0.0
Rissbilder_for_Florian_9S6A3116_16_492_3691_4003.jpg,0.7258064514958377,0.7258064514958377,0.8411214952484933,0.999740600585785,0.8823529410034602,0.8035714284279336,0.8411214901808017,0.8627734369218969,0.9997404223479562,0.7258064514958377
Rissbilder_for_Florian_9S6A3116_330_465_3237_2855.jpg,0.720720720655791,0.720720720655791,0.8376963350346756,0.9995269775389101,0.8602150536709446,0.8163265305289463,0.8376963299942437,0.8601235600344923,0.9995263994131938,0.720720720655791
Rissbilder_for_Florian_9S6A3116_880_2232_2460_3078.jpg,0.7096774191259105,0.7096774191259105,0.8301886790886436,0.999862670898285,0.9166666662847222,0.7586206893935791,0.8301886739765042,0.8547700219541237,0.9998626247823367,0.7096774191259105
Rissbilder_for_Florian_9S6A3117_0_780_3411_2640.jpg,0.0,0.0,0.0,0.9999999999998475,0.0,0.0,0.0,0.4999999999999237,0.9999999999998475,0.0
Rissbilder_for_Florian_9S6A3117_25_635_3226_3553.jpg,0.3333333322222222,0.3333333322222222,0.49999999875,0.9999694824217225,0.9999999900000002,0.3333333322222222,0.49999999375000004,0.6666514070891382,0.9999694819560541,0.3333333322222222
Rissbilder_for_Florian_9S6A3117_291_976_3243_2889.jpg,0.0,0.0,0.0,0.999984741210785,0.0,0.0,0.0,0.4999923706053925,0.999984741210785,0.0
Rissbilder_for_Florian_9S6A3117_34_1357_3605_3112.jpg,0.0,0.0,0.0,0.99995422363266,0.0,0.0,0.0,0.49997711181633,0.99995422363266,0.0
Rissbilder_for_Florian_9S6A3117_543_1742_2452_2967.jpg,0.3999999992,0.3999999992,0.571428570612245,0.99995422363266,0.999999995,0.3999999992,0.5714285657142857,0.6999771107178168,0.9999542222356335,0.3999999992
Rissbilder_for_Florian_9S6A3118_1771_391_3958_3288.jpg,0.0,0.0,0.0,0.9999999999998475,0.0,0.0,0.0,0.4999999999999237,0.9999999999998475,0.0
Rissbilder_for_Florian_9S6A3119_1271_608_2519_2263.jpg,0.0,0.0,0.0,0.999984741210785,0.0,0.0,0.0,0.4999923706053925,0.999984741210785,0.0
Rissbilder_for_Florian_9S6A3119_249_254_3230_4094.jpg,0.0,0.0,0.0,0.9999999999998475,0.0,0.0,0.0,0.4999999999999237,0.9999999999998475,0.0
Rissbilder_for_Florian_9S6A3120_115_336_3673_3860.jpg,0.0,0.0,0.0,0.9999999999998475,0.0,0.0,0.0,0.4999999999999237,0.9999999999998475,0.0
Rissbilder_for_Florian_9S6A3120_1339_2123_2283_2958.jpg,0.0,0.0,0.0,0.9999999999998475,0.0,0.0,0.0,0.4999999999999237,0.9999999999998475,0.0
Rissbilder_for_Florian_9S6A3120_197_2129_3412_2962.jpg,0.8666666660888889,0.8666666660888889,0.9285714282397959,0.9999694824217225,0.9999999992307692,0.8666666660888889,0.9285714229336736,0.9333180712279068,0.9999694763669247,0.8666666660888889
Rissbilder_for_Florian_9S6A3121_376_1595_3243_3256.jpg,0.0,0.0,0.0,0.9999999999998475,0.0,0.0,0.0,0.4999999999999237,0.9999999999998475,0.0
Rissbilder_for_Florian_9S6A3122_549_336_3011_3127.jpg,0.0,0.0,0.0,0.9999999999998475,0.0,0.0,0.0,0.4999999999999237,0.9999999999998475,0.0
Rissbilder_for_Florian_9S6A3122_612_1407_2476_2535.jpg,0.999999995,0.999999995,0.9999999975,0.9999999999998475,0.999999995,0.999999995,0.9999999900000001,0.9999999974999237,0.9999999999998475,0.999999995
Rissbilder_for_Florian_9S6A3123_202_1498_3131_4039.jpg,0.0,0.0,0.0,0.9999999999998475,0.0,0.0,0.0,0.4999999999999237,0.9999999999998475,0.0
Rissbilder_for_Florian_9S6A3123_393_889_3350_4077.jpg,0.0,0.0,0.0,0.9999999999998475,0.0,0.0,0.0,0.4999999999999237,0.9999999999998475,0.0
Rissbilder_for_Florian_9S6A3124_284_348_3347_3692.jpg,0.0,0.0,0.0,0.9999999999998475,0.0,0.0,0.0,0.4999999999999237,0.9999999999998475,0.0
Rissbilder_for_Florian_9S6A3124_393_930_3214_3138.jpg,0.0,0.0,0.0,0.9999999999998475,0.0,0.0,0.0,0.4999999999999237,0.9999999999998475,0.0
Rissbilder_for_Florian_9S6A3124_459_1986_2615_2025.jpg,0.0,0.0,0.0,0.9999999999998475,0.0,0.0,0.0,0.4999999999999237,0.9999999999998475,0.0
Rissbilder_for_Florian_9S6A3125_1255_961_1915_2458.jpg,0.999999995,0.999999995,0.9999999975,0.9999999999998475,0.999999995,0.999999995,0.9999999900000001,0.9999999974999237,0.9999999999998475,0.999999995
Rissbilder_for_Florian_9S6A3125_149_862_3480_3597.jpg,0.6249999998697917,0.6249999998697917,0.7692307691321499,0.9997253417967225,0.7142857141156462,0.8333333331018519,0.7692307640631165,0.8123626079401931,0.9997252160105945,0.6249999998697917
Rissbilder_for_Florian_9S6A3125_778_2114_2986_2932.jpg,0.0,0.0,0.0,0.9999694824217225,0.0,0.0,0.0,0.4999847412108612,0.9999694824217225,0.0
Rissbilder_for_Florian_9S6A3126_253_2386_2560_2522.jpg,0.0,0.0,0.0,0.999984741210785,0.0,0.0,0.0,0.4999923706053925,0.999984741210785,0.0
Rissbilder_for_Florian_9S6A3126_264_1533_3180_4043.jpg,0.0,0.0,0.0,0.9999694824217225,0.0,0.0,0.0,0.4999847412108612,0.9999694824217225,0.0
Rissbilder_for_Florian_9S6A3127_446_528_3308_4314.jpg,0.4102564101512163,0.4102564101512163,0.5818181817123966,0.99964904785141,0.695652173610586,0.49999999984375,0.5818181767404959,0.7049526861500129,0.9996489621488096,0.4102564101512163
Rissbilder_for_Florian_9S6A3128_0_0_3840_5760.jpg,0.0,0.0,0.0,0.9999999999998475,0.0,0.0,0.0,0.4999999999999237,0.9999999999998475,0.0
Rissbilder_for_Florian_9S6A3128_1179_553_2655_2768.jpg,0.0,0.0,0.0,0.9999999999998475,0.0,0.0,0.0,0.4999999999999237,0.9999999999998475,0.0
Rissbilder_for_Florian_9S6A3130_1163_3312_2508_2372.jpg,0.0,0.0,0.0,0.9999999999998475,0.0,0.0,0.0,0.4999999999999237,0.9999999999998475,0.0
Rissbilder_for_Florian_9S6A3130_1287_428_2006_2550.jpg,0.24999999968749997,0.24999999968749997,0.3999999996,0.9999084472654725,0.3999999992,0.3999999992,0.39999999420000004,0.6249542220794597,0.9999084444714195,0.24999999968749997
Rissbilder_for_Florian_9S6A3130_3_343_2202_2894.jpg,0.37499999953124996,0.37499999953124996,0.5454545449586776,0.999923706054535,0.7499999981250001,0.4285714279591837,0.5454545398347109,0.6874618510465826,0.9999237025619154,0.37499999953124996
Rissbilder_for_Florian_9S6A3130_458_1628_3022_3954.jpg,0.16666666638888888,0.16666666638888888,0.2857142853061225,0.999923706054535,0.3333333322222222,0.249999999375,0.28571428000000004,0.5832951856396265,0.999923704890364,0.16666666638888888
Rissbilder_for_Florian_9S6A3130_523_2113_2818_2850.jpg,0.0,0.0,0.0,0.9999694824217225,0.0,0.0,0.0,0.4999847412108612,0.9999694824217225,0.0
Rissbilder_for_Florian_9S6A3130_741_2592_3069_3082.jpg,0.39999999973333333,0.39999999973333333,0.5714285711564626,0.999862670898285,0.5454545449586776,0.5999999993999999,0.5714285658956916,0.6999313290288062,0.999862658324279,0.39999999973333333
Rissbilder_for_Florian_9S6A3131_25_353_3705_3733.jpg,0.6756756754930606,0.6756756754930606,0.8064516127731529,0.9998168945310975,0.8928571425382653,0.7352941174307959,0.8064516076899064,0.8377462500741547,0.9998168246552488,0.6756756754930606
Rissbilder_for_Florian_9S6A3131_28_125_3022_3184.jpg,0.6382978722046174,0.6382978722046174,0.7792207791195818,0.999740600585785,0.7692307690335306,0.7894736840027701,0.7792207740192276,0.8190191769961963,0.9997404817877753,0.6382978722046174
Rissbilder_for_Florian_9S6A3132_1341_787_3118_2358.jpg,0.8032786883929052,0.8032786883929052,0.8909090908280992,0.9998168945310975,0.907407407239369,0.87499999984375,0.8909090857487604,0.9015477229585733,0.9998167575242415,0.8032786883929052
Rissbilder_for_Florian_9S6A3133_2601_925_2978_2344.jpg,0.0,0.0,0.0,0.9999999999998475,0.0,0.0,0.0,0.4999999999999237,0.9999999999998475,0.0
Rissbilder_for_Florian_9S6A3133_2939_127_2691_2813.jpg,0.0,0.0,0.0,0.9999999999998475,0.0,0.0,0.0,0.4999999999999237,0.9999999999998475,0.0
Rissbilder_for_Florian_9S6A3133_3128_42_2303_2389.jpg,0.0,0.0,0.0,0.9999999999998475,0.0,0.0,0.0,0.4999999999999237,0.9999999999998475,0.0
Rissbilder_for_Florian_9S6A3134_0_0_3840_5760.jpg,0.49999999875,0.49999999875,0.6666666655555555,0.9999694824217225,0.999999995,0.49999999875,0.6666666600000001,0.7499847401201858,0.9999694814903715,0.49999999875
Rissbilder_for_Florian_9S6A3134_1128_1615_2541_2946.jpg,0.0,0.0,0.0,0.9999999999998475,0.0,0.0,0.0,0.4999999999999237,0.9999999999998475,0.0
Rissbilder_for_Florian_9S6A3134_24_1476_3719_3047.jpg,0.0,0.0,0.0,0.9999999999998475,0.0,0.0,0.0,0.4999999999999237,0.9999999999998475,0.0
Rissbilder_for_Florian_9S6A3134_574_269_2461_2051.jpg,0.7333333328444444,0.7333333328444444,0.8461538458284024,0.9999389648435975,0.9166666659027777,0.7857142851530612,0.8461538405325445,0.8666361437208868,0.9999389545973293,0.7333333328444444
Rissbilder_for_Florian_9S6A3134_856_207_2810_3507.jpg,0.7499999981250001,0.7499999981250001,0.8571428559183674,0.999984741210785,0.7499999981250001,0.9999999966666667,0.8571428497959185,0.8749923693186306,0.999984740512261,0.7499999981250001
Rissbilder_for_Florian_9S6A3135_0_0_3840_5760.jpg,0.999999995,0.999999995,0.9999999975,0.9999999999998475,0.999999995,0.999999995,0.9999999900000001,0.9999999974999237,0.9999999999998475,0.999999995
Rissbilder_for_Florian_9S6A3135_38_1841_3797_2880.jpg,0.0,0.0,0.0,0.9999999999998475,0.0,0.0,0.0,0.4999999999999237,0.9999999999998475,0.0
Rissbilder_for_Florian_9S6A3135_431_3331_2415_2280.jpg,0.0,0.0,0.0,0.9999694824217225,0.0,0.0,0.0,0.4999847412108612,0.9999694824217225,0.0
Rissbilder_for_Florian_9S6A3135_808_2053_2793_2147.jpg,0.0,0.0,0.0,0.9999389648435975,0.0,0.0,0.0,0.4999694824217987,0.9999389648435975,0.0
Rissbilder_for_Florian_9S6A3135_942_3474_2471_2010.jpg,0.0,0.0,0.0,0.9999999999998475,0.0,0.0,0.0,0.4999999999999237,0.9999999999998475,0.0
Rissbilder_for_Florian_9S6A3136_1144_400_2988_2888.jpg,0.0,0.0,0.0,0.9999999999998475,0.0,0.0,0.0,0.4999999999999237,0.9999999999998475,0.0
Rissbilder_for_Florian_9S6A3136_1312_52_4068_3676.jpg,0.0,0.0,0.0,0.9999999999998475,0.0,0.0,0.0,0.4999999999999237,0.9999999999998475,0.0
Rissbilder_for_Florian_9S6A3136_2308_103_3083_3461.jpg,0.3333333322222222,0.3333333322222222,0.49999999875,0.9999694824217225,0.9999999900000002,0.3333333322222222,0.49999999375000004,0.6666514070891382,0.9999694819560541,0.3333333322222222
Rissbilder_for_Florian_9S6A3137_1104_2295_2445_3107.jpg,0.0,0.0,0.0,0.999984741210785,0.0,0.0,0.0,0.4999923706053925,0.999984741210785,0.0
Rissbilder_for_Florian_9S6A3137_675_694_2502_3195.jpg,0.0,0.0,0.0,0.9999999999998475,0.0,0.0,0.0,0.4999999999999237,0.9999999999998475,0.0
Rissbilder_for_Florian_9S6A3138_351_2928_2789_2633.jpg,0.0,0.0,0.0,0.9999999999998475,0.0,0.0,0.0,0.4999999999999237,0.9999999999998475,0.0
Rissbilder_for_Florian_9S6A3138_378_1180_3023_2624.jpg,0.0,0.0,0.0,0.9999999999998475,0.0,0.0,0.0,0.4999999999999237,0.9999999999998475,0.0
Rissbilder_for_Florian_9S6A3138_435_1557_2064_2703.jpg,0.0,0.0,0.0,0.999984741210785,0.0,0.0,0.0,0.4999923706053925,0.999984741210785,0.0
Volker_DSC01609_135_471_1580_2052.jpg,0.925193521107835,0.925193521107835,0.9611433977561288,0.9824523925779751,0.9878455341012724,0.9358468219496408,0.9611433927594573,0.9513910232163054,0.9775885253247759,0.925193521107835
Volker_DSC01612_8_444_1816_1750.jpg,0.9966506698657778,0.9966506698657778,0.9983225257253201,0.9979553222654728,0.999148040492884,0.9974983739428135,0.9983225207251986,0.9957144706197031,0.9947782713736284,0.9966506698657778
Volker_DSC01623_150_1007_1636_1254.jpg,0.9929890848022699,0.9929890848022699,0.9964822109407461,0.9974517822264104,0.9981432248803653,0.9948267160157322,0.9964822059405499,0.9945008934264918,0.9960127020507137,0.9929890848022699
Volker_DSC01623_32_1414_1144_1043.jpg,0.988388514042846,0.988388514042846,0.9941603535349612,0.9977416992185978,0.9988899460823034,0.9894753377309224,0.9941603485346812,0.9927963953718522,0.9972042767008582,0.988388514042846
Volker_DSC01624_206_143_1374_1645.jpg,0.9671396379662316,0.9671396379662316,0.9832953587027804,0.9797515869139131,0.9865366642246618,0.9800752823084116,0.9832953537027106,0.9585131724572566,0.9498867069482817,0.9671396379662316
Volker_DSC01625_665_610_967_1222.jpg,0.8235679930036351,0.8235679930036351,0.9032490109097824,0.9261169433592338,0.8984020987356314,0.908148505303396,0.9032490059097474,0.855395120552583,0.8872222481015309,0.8235679930036351
Volker_DSC01625_77_14_1502_1897.jpg,0.7851807884449794,0.7851807884449794,0.8796652905153973,0.9337310791014201,0.8760485651209293,0.8833120026704784,0.8796652855152388,0.8488648092681068,0.9125488300912343,0.7851807884449794
Volker_DSC01626_0_0_1824_2736.jpg,0.8065682168830476,0.8065682168830476,0.8929286028010119,0.9330444335936077,0.8913191738109454,0.8945438545023494,0.8929285978008104,0.8568394334906456,0.9071106500982437,0.8065682168830476
Volker_DSC01627_0_0_2736_1824.jpg,0.7977683724506357,0.7977683724506357,0.8875096310245512,0.9197998046873597,0.872055854642971,0.9035210040086702,0.8875096260259313,0.8402260906044882,0.8826838087583406,0.7977683724506357
Volker_DSC01627_695_410_1138_1343.jpg,0.8453090470766607,0.8453090470766607,0.9161707069239157,0.9295043945311082,0.9065967608715816,0.9259490188883455,0.916170701924307,0.8653201974027029,0.8853313477287453,0.8453090470766607
Volker_DSC01628_152_372_932_1214.jpg,0.7624745307147088,0.7624745307147088,0.8652318288032388,0.832794189452998,0.8399837619693771,0.8920447341057257,0.8652318238076498,0.7007695446721371,0.6390645586295655,0.7624745307147088
Volker_DSC01628_19_1006_1561_1562.jpg,0.678578763606291,0.678578763606291,0.8085158448548692,0.8328399658201855,0.7905386929174218,0.8273296369161769,0.8085158398573133,0.710127431227695,0.7416760988490989,0.678578763606291
Volker_DSC01629_384_130_1624_1656.jpg,0.8626135285344398,0.8626135285344398,0.9262399476000478,0.907211303710799,0.9214451201851238,0.9310849367178943,0.9262399426000709,0.8201570658572807,0.7777006031801215,0.8626135285344398
Volker_DSC01632_47_93_1577_1372.jpg,0.9358558467228608,0.9358558467228608,0.9668652222293688,0.9613800048826658,0.9567819665757336,0.9771632707062776,0.9668652172297977,0.9236935915076585,0.9115313362924563,0.9358558467228608
Volker_DSC01633_32_201_1139_1440.jpg,0.9276944065478808,0.9276944065478808,0.9624911535736599,0.9813995361326628,0.9679415769272385,0.9571017685570301,0.9624911485735224,0.9516317952251012,0.9755691839023217,0.9276944065478808
Volker_DSC01633_35_44_2068_1777.jpg,0.9580201928182805,0.9580201928182805,0.9785600744386116,0.983123779296725,0.9763267832272255,0.9808036061238126,0.978560069438448,0.9652866499130894,0.9725531070078984,0.9580201928182805
Volker_DSC01635_435_54_2246_1769.jpg,0.969969040247405,0.969969040247405,0.9847556184188441,0.9837188720701624,0.9853327996337531,0.984179113001975,0.9847556134187052,0.9678152735107322,0.9656615067740593,0.969969040247405
Volker_DSC01635_856_143_1514_1524.jpg,0.9771795779990444,0.9771795779990444,0.9884580934099824,0.9862365722654746,0.9893949485114532,0.9875230108404103,0.9884580884098603,0.971831465574848,0.9664833531506516,0.9771795779990444
Volker_DSC01636_363_174_1350_1563.jpg,0.794283181918549,0.794283181918549,0.8853487453070329,0.9291687011717332,0.8833850855138826,0.8873211545121603,0.8853487403068389,0.8483944000659362,0.9025056182133236,0.794283181918549
Volker_DSC01636_483_193_1702_1365.jpg,0.7551913117800014,0.7551913117800014,0.8605230742785929,0.9257049560545463,0.8620788612748309,0.8589728925993029,0.8605230692783625,0.8294030040568288,0.903614696333656,0.7551913117800014
Volker_DSC01636_822_136_999_1263.jpg,0.8032396379224377,0.8032396379224377,0.8908850726549826,0.9369812011717321,0.8907438715126317,0.8910263185705046,0.8908850676547474,0.8591964481007419,0.9151532582790461,0.8032396379224377
Volker_DSC01640_1099_282_1411_1508.jpg,0.8908402540300707,0.8908402540300707,0.9422691865495935,0.9318084716795454,0.9388611440042891,0.9457020614544417,0.9422691815495376,0.8685407187919412,0.8462411835538117,0.8908402540300707
Volker_DSC01641_1174_199_1098_1405.jpg,0.8682640784549858,0.8682640784549858,0.9294875263811971,0.9005889892576752,0.9192301928797296,0.9399763583028459,0.9294875213817192,0.7899693555665105,0.7116746326780352,0.8682640784549858
Volker_DSC01641_600_4_1717_1816.jpg,0.8000279420665953,0.8000279420665953,0.8889061368103994,0.8689575195311174,0.8843985688175026,0.8934598881807585,0.8889061318104143,0.7622886518978937,0.7245493617291922,0.8000279420665953
Volker_DSC01642_1070_433_1151_1354.jpg,0.8529921017051653,0.8529921017051653,0.9206645845065639,0.9054260253904869,0.9105017975591396,0.9310568011181767,0.9206645795070691,0.8217045180353524,0.7904169343655394,0.8529921017051653
Volker_DSC01642_460_274_1378_1422.jpg,0.8762917933128924,0.8762917933128924,0.9340677142393289,0.9068450927732992,0.9209685663172075,0.9475448629459569,0.9340677092402396,0.8012072218547939,0.7261226503966954,0.8762917933128924
Volker_DSC01644_202_7_1161_1201.jpg,0.9223225134521253,0.9223225134521253,0.9595918551625447,0.9726867675779767,0.9656081050379511,0.9536501099291275,0.9595918501625222,0.940949884159223,0.9595772548663205,0.9223225134521253
Volker_DSC01644_6_3_2225_1737.jpg,0.8850518563050935,0.8850518563050935,0.9390212299410069,0.9533233642576671,0.9432141283885535,0.9348654441529988,0.9390212249409186,0.9060945154377662,0.9271371745704388,0.8850518563050935
Volker_DSC01644_962_364_1190_1453.jpg,0.9277586080314888,0.9277586080314888,0.962525706451245,0.9549560546873543,0.9644846973819003,0.9605746573083943,0.9625257014511437,0.9104494397621891,0.8931402714928893,0.9277586080314888
Volker_DSC01645_630_103_1154_1248.jpg,0.949741615158417,0.949741615158417,0.9742230537365335,0.9545898437498543,0.9702898550722964,0.9781882696721321,0.9742230487365313,0.8148363915754013,0.6799311679923855,0.949741615158417
Volker_DSC01646_1070_193_1380_1421.jpg,0.8774538362165006,0.8774538362165006,0.934727468969113,0.9261779785154837,0.932362598912383,0.9371043661740689,0.9347274639690192,0.8604294589723314,0.843405081728162,0.8774538362165006
Volker_DSC01646_1603_299_1093_1254.jpg,0.8291262135918904,0.8291262135918904,0.9065817409764407,0.9368896484373571,0.9117299654729639,0.9014913305179671,0.9065817359763954,0.8690795692851232,0.909032924978356,0.8291262135918904
Volker_DSC01647_540_30_2119_1764.jpg,0.9165730474280964,0.9165730474280964,0.9564707681328105,0.9478759765623554,0.9654267633891637,0.9476794101305622,0.956470763133119,0.8972995923420426,0.8780261372559887,0.9165730474280964
Volker_DSC01648_390_97_1632_1404.jpg,0.9467823434071987,0.9467823434071987,0.9726637871084954,0.9574127197264165,0.977344749532334,0.9680274496040535,0.9726637821085149,0.8855244042936936,0.8242664651801886,0.9467823434071987
Volker_DSC01649_0_0_1824_2736.jpg,0.7406512049555259,0.7406512049555259,0.8510047306972678,0.8952331542967384,0.8563567279552533,0.8457192150093398,0.8510047256972784,0.7955781717164789,0.850505138477432,0.7406512049555259
Volker_DSC01649_38_801_1290_1206.jpg,0.883028584072399,0.883028584072399,0.9378812319064066,0.9112701416014235,0.9298453717430778,0.9460571970429633,0.9378812269066799,0.8071442023789458,0.7312598206854926,0.883028584072399
Volker_DSC01650_0_0_2736_1824.jpg,0.9813697975753923,0.9813697975753923,0.9905973117954026,0.9904785156248489,0.9903585417291383,0.9908361970214654,0.9905973067952537,0.9811336834566209,0.9808975693378494,0.9813697975753923
Volker_DSC01652_1227_74_1489_1380.jpg,0.8505943804026921,0.8505943804026921,0.9192661443374766,0.9746856689451638,0.9445944594449999,0.8952606635062603,0.9192661393406242,0.9105087214629592,0.9704230625232265,0.8505943804026921
Volker_DSC01652_217_429_1194_1007.jpg,0.89439754412859,0.89439754412859,0.9442553881054643,0.9580078124998539,0.9569322987227667,0.9319099596173955,0.9442553831061504,0.9146137573819829,0.9348299706353759,0.89439754412859
Volker_DSC01652_839_385_1799_1365.jpg,0.8827611395173589,0.8827611395173589,0.9377303588745756,0.9706115722654769,0.9608427747956265,0.915703731766802,0.9377303538771655,0.922510796666137,0.9622604538149152,0.8827611395173589
Volker_DSC01653_791_41_1849_1670.jpg,0.9390101428493073,0.9390101428493073,0.9685458802907188,0.9649505615232903,0.9813797313794591,0.9560433618985819,0.9685458752914412,0.9314387163152897,0.9238672897812721,0.9390101428493073
Volker_DSC01655_1500_203_948_1062.jpg,0.7746472851642691,0.7746472851642691,0.8730154906162826,0.9195709228514223,0.8654057410322084,0.8807602566591091,0.8730154856164588,0.8317423109921047,0.8888373368199404,0.7746472851642691
Volker_DSC01655_404_201_1898_1481.jpg,0.8726890865245229,0.8726890865245229,0.9320170580415192,0.9250793457029839,0.9188621037972867,0.9455541508636198,0.9320170530424151,0.8593345994119452,0.8459801122993676,0.8726890865245229
Volker_DSC01655_613_606_1092_1056.jpg,0.9265084306561109,0.9265084306561109,0.9618524538099944,0.937683105468607,0.9531452478801598,0.9707202111612047,0.961852448810322,0.8179057919524737,0.7093031532488366,0.9265084306561109
Volker_DSC01656_0_0_1824_2736.jpg,0.8898827793852817,0.8898827793852817,0.9417333065225686,0.9425201416014187,0.9383225965536669,0.9451689021358217,0.941733301522489,0.8912712466481186,0.8926597139109556,0.8898827793852817
Volker_DSC01656_211_943_1361_1588.jpg,0.8868191672932865,0.8868191672932865,0.9400150079728755,0.9219360351561093,0.9355177483719724,0.9445557152616828,0.9400150029728808,0.842898778145504,0.7989783889977214,0.8868191672932865
Volker_DSC01658_470_825_1327_1606.jpg,0.9082877717025909,0.9082877717025909,0.9519400429760222,0.9580230712889164,0.9484109026348214,0.9554955460472204,0.9519400379759251,0.9182216064643732,0.9281554412261556,0.9082877717025909
Volker_DSC01659_171_336_1312_1594.jpg,0.8835428571426552,0.8835428571426552,0.9381712274739472,0.9222564697264218,0.9341920827490614,0.9421844151410189,0.9381712224739243,0.8470018887475096,0.810460920352364,0.8835428571426552
Volker_DSC01659_368_446_1384_1083.jpg,0.8913759213757024,0.8913759213757024,0.9425687525167978,0.9325408935545453,0.9350016752143154,0.9502593116452014,0.9425687475170028,0.8701333925501664,0.8488908637246304,0.8913759213757024
Volker_DSC01660_192_247_1588_1991.jpg,0.9195805117122291,0.9195805117122291,0.9581056966367937,0.9534301757811046,0.9545156173073261,0.9617228835976186,0.958105691636733,0.9099812014446349,0.9003818911770407,0.9195805117122291
Volker_DSC01660_1_155_1775_2191.jpg,0.9207147415441173,0.9207147415441173,0.9587209611396312,0.9526062011717297,0.9547367585163836,0.9627385559853296,0.9587209561395911,0.9076543470504557,0.8945939525567942,0.9207147415441173
Volker_DSC01661_290_595_1071_1180.jpg,0.8887915143087581,0.8887915143087581,0.9411218840995583,0.943847656249856,0.9383893816600923,0.9438703465978999,0.9411218790994501,0.8934615010988916,0.8981314878890249,0.8887915143087581
Volker_DSC01663_193_988_1449_1613.jpg,0.9267313421987998,0.9267313421987998,0.9619725614067265,0.9384613037107944,0.9557096018733573,0.9683181473042961,0.9619725564068506,0.8245360669683424,0.7223407917378848,0.9267313421987998
Volker_DSC01665_11_415_1778_1890.jpg,0.8395117903694121,0.8395117903694121,0.9127549981082979,0.9085083007811114,0.9144848096096232,0.911031718368505,0.9127549931081829,0.8320206811141748,0.8245295718589376,0.8395117903694121
Volker_DSC01666_269_188_1315_1632.jpg,0.8750639877140789,0.8750639877140789,0.933369733990661,0.9404144287107941,0.9298633303865744,0.9369026821495094,0.9333697289905728,0.8863993501486596,0.8977347125832401,0.8750639877140789
Volker_DSC01667_241_171_1049_1275.jpg,0.8499566348651344,0.8499566348651344,0.9188935771211719,0.9551239013670418,0.9212054188548956,0.9165933098586506,0.9188935721209499,0.8948919764880403,0.9398273181109461,0.8499566348651344
Volker_DSC01669_83_262_1075_1404.jpg,0.9227040366644973,0.9227040366644973,0.9597983039191016,0.9732360839842266,0.9628437413772818,0.9567720709189559,0.9597982989189315,0.9416874593833091,0.960670882102121,0.9227040366644973
Volker_DSC01670_153_259_1582_1739.jpg,0.8361132413085263,0.8361132413085263,0.9107425647806571,0.921737670898297,0.9079458709226551,0.9135565408648139,0.910742559780546,0.8529165358158282,0.86971983032313,0.8361132413085263
Volker_DSC01670_216_853_1437_1485.jpg,0.780986044803167,0.780986044803167,0.8770265742194302,0.9272003173826711,0.8819595645407559,0.872148459526902,0.8770265692193605,0.8413307694492824,0.9016754940953977,0.780986044803167
Volker_DSC01670_21_847_1631_1619.jpg,0.7641599838600069,0.7641599838600069,0.8663159700380622,0.9286499023436083,0.8701970018948537,0.8624694028571398,0.866315965037914,0.8356772927138769,0.907194601567747,0.7641599838600069
Volker_DSC01670_781_907_908_1136.jpg,0.8410822877373408,0.8410822877373408,0.9136824500886561,0.9369964599607946,0.9141602175273315,0.9132051817798106,0.9136824450884665,0.8732801956736168,0.9054781036098928,0.8410822877373408
Volker_DSC01672_81_154_1728_2146.jpg,0.7378241032676517,0.7378241032676517,0.8491355389539277,0.8921508789061139,0.8540575354225616,0.8442699490658555,0.8491355339539125,0.7914884564973548,0.8451528097270578,0.7378241032676517
Volker_DSC01672_81_538_1656_1918.jpg,0.7454443045521352,0.7454443045521352,0.8541599438125977,0.8827667236326778,0.8560611825580793,0.8522671313304093,0.8541599388124602,0.7834617484374147,0.8214791923226942,0.7454443045521352
Volker_DSC01673_142_989_1604_1580.jpg,0.9260589415862378,0.9260589415862378,0.961610178786706,0.9679565429686023,0.9551496223122621,0.9681587278211852,0.961610173786759,0.9362676509892517,0.9464763603922656,0.9260589415862378
Volker_DSC01673_329_847_1489_1564.jpg,0.9158059091997294,0.9158059091997294,0.9560529120429324,0.9679107666014148,0.9500768368148232,0.962104643337415,0.9560529070429303,0.93325514981318,0.9507043904266308,0.9158059091997294
Volker_DSC01674_0_1080_1601_1598.jpg,0.8685732286297351,0.8685732286297351,0.9296646396530882,0.9108734130857985,0.925174959255842,0.9341981074995924,0.929664634653094,0.8258548923276426,0.7831365560255502,0.8685732286297351
Volker_DSC01674_617_652_1069_1253.jpg,0.8526692209448653,0.8526692209448653,0.9204764793469199,0.9119873046873609,0.9166849736377097,0.9242994794548333,0.9204764743468786,0.836641259722787,0.8206132985007089,0.8526692209448653
Volker_DSC01679_0_0_1824_2736.jpg,0.8899946461748842,0.8899946461748842,0.9417959442119305,0.9467010498045431,0.9344929069802802,0.9492140266018577,0.9417959392120789,0.8981441199539372,0.9062935937329901,0.8899946461748842
Volker_DSC01680_168_539_1554_1946.jpg,0.8479627830883656,0.8479627830883656,0.9177271218322127,0.9546203613279793,0.9123762376232605,0.9231411398035824,0.9177271168321307,0.8936028342701896,0.9392428854520135,0.8479627830883656
Volker_DSC01680_63_445_1729_1300.jpg,0.880875141455722,0.880875141455722,0.9366651959406088,0.9518127441404798,0.9285827898835181,0.944889536294835,0.9366651909407997,0.9030063171719008,0.9251374928880797,0.880875141455722
Volker_DSC01681_186_721_1484_1814.jpg,0.8903262460938116,0.8903262460938116,0.9419815737453684,0.9234161376951716,0.9324423288170697,0.9517180163974326,0.9419815687457829,0.8439409546053123,0.7975556631168128,0.8903262460938116
Volker_DSC01681_9_998_1713_1514.jpg,0.8917066909570861,0.8917066909570861,0.942753646978896,0.9201812744139222,0.9319529187760328,0.9538076573881278,0.9427536419794643,0.8294174286373448,0.7671281663176035,0.8917066909570861
Volker_DSC01682_368_477_1402_1749.jpg,0.8174553431522965,0.8174553431522965,0.8995603069228167,0.9288940429686083,0.8971625107476796,0.9019709543564566,0.8995603019226586,0.8565650495647648,0.895674755977233,0.8174553431522965
Volker_DSC01683_22_430_1797_1349.jpg,0.8442738323732804,0.8442738323732804,0.9155623395543571,0.9442901611326685,0.9128810588936435,0.9182594173311754,0.9155623345541885,0.8822282982861418,0.9201827641990031,0.8442738323732804
Volker_DSC01683_276_1002_1422_1608.jpg,0.8604308598781585,0.8604308598781585,0.9249802058588826,0.9421691894529812,0.925053448412018,0.9249069749026503,0.9249802008586996,0.8852793364149857,0.9101278129518129,0.8604308598781585
Volker_DSC01684_148_284_1674_1708.jpg,0.9528980357596997,0.9528980357596997,0.9758809915429214,0.9747161865232888,0.9766628791186737,0.9751003548778362,0.9758809865427827,0.9505697150746789,0.9482413943896582,0.9528980357596997
Volker_DSC01684_236_0_1169_1179.jpg,0.9590218997714135,0.9590218997714135,0.9790823674644127,0.967422485351415,0.980052174253971,0.9781144781142866,0.9790823624643218,0.9109496139830533,0.862877328194693,0.9590218997714135
Volker_DSC01687_0_0_1824_2736.jpg,0.8109756097557366,0.8109756097557366,0.8956228956226756,0.9351959228514198,0.8844716275904643,0.9070589406606396,0.8956228906232503,0.8606077456999215,0.9102398816441065,0.8109756097557366
Volker_DSC01687_247_908_936_1214.jpg,0.8543901765416383,0.8543901765416383,0.9214783246264181,0.8954162597654884,0.9033468104220793,0.9403526000746025,0.921478319628327,0.791842191236827,0.7292942059320158,0.8543901765416383
Volker_DSC01690_3_560_1035_1312.jpg,0.92030534923833,0.92030534923833,0.958498969555399,0.9351654052732948,0.952905305678367,0.96415869210647,0.9584989645554778,0.8311527353390806,0.7420001214398312,0.92030534923833
Volker_DSC01695_1425_153_1300_1019.jpg,0.709136946449354,0.709136946449354,0.8298187549248763,0.9176177978514225,0.8240781318469766,0.8356399187399468,0.8298187499248574,0.8030247388576466,0.8969125312659392,0.709136946449354
Volker_DSC01695_192_38_2248_1689.jpg,0.9085820439488381,0.9085820439488381,0.9521016367407402,0.9429321289061061,0.9501303614332217,0.954081108829324,0.9521016317406399,0.888364704329281,0.8681473647097239,0.9085820439488381
Volker_DSC01696_419_31_2193_1698.jpg,0.6971672661868763,0.6971672661868763,0.8215657703005812,0.8150177001951882,0.793117167296373,0.8521311675620261,0.8215657653068933,0.6874892062190292,0.677811146251182,0.6971672661868763
Volker_DSC01698_1145_324_1515_1332.jpg,0.5445390668003288,0.5445390668003288,0.7051153039830808,0.7853698730467552,0.7169288485310495,0.6936847749863079,0.7051152989842905,0.6279110695564165,0.7112830723125041,0.5445390668003288
Volker_DSC01698_794_422_1230_1303.jpg,0.6065833045023955,0.6065833045023955,0.755122131298721,0.7570800781248845,0.7312756956441843,0.7805762259108374,0.7551221263039217,0.6090979464692252,0.6116125884360548,0.6065833045023955
Volker_DSC01699_0_638_1822_1995.jpg,0.8483245775944738,0.8483245775944738,0.9179389679474338,0.934799194335795,0.9157055825890204,0.9201832742950408,0.9179389629472872,0.8728497542725476,0.8973749309506215,0.8483245775944738
Volker_DSC01700_17_674_1805_1877.jpg,0.8827308362366936,0.8827308362366936,0.9377132612340325,0.9342651367186074,0.9352522135376417,0.940187295236166,0.9377132562339315,0.8763056138413035,0.8698803914459134,0.8827308362366936
Volker_DSC01701_0_0_1824_2736.jpg,0.8441103692978924,0.8441103692978924,0.9154662143343084,0.9490509033201677,0.9111066317270151,0.9198677181374103,0.9154662093341911,0.8868752284789225,0.9296400876599525,0.8441103692978924
Volker_DSC01701_537_291_1230_1215.jpg,0.913673747115285,0.913673747115285,0.9548897752216933,0.9554748535154792,0.9550374172796848,0.9547421788051951,0.9548897702215456,0.9147325217163469,0.9157912963174086,0.913673747115285
Volker_DSC01702_80_579_1686_1357.jpg,0.8999893208028354,0.8999893208028354,0.9473625045666544,0.9428405761717312,0.9473891293347909,0.9473358812946979,0.9473624995665215,0.8911434067093291,0.8822974926158228,0.8999893208028354
Volker_DSC01703_0_0_1824_2736.jpg,0.8778231966634139,0.8778231966634139,0.9349370038917006,0.9548492431639168,0.9289927900367363,0.9409577764003979,0.9349369988916997,0.9054962039870357,0.9331692113106574,0.8778231966634139
Volker_DSC01703_574_1149_1207_1490.jpg,0.9061609444970132,0.9061609444970132,0.9507706546113562,0.9366912841795446,0.953043602369002,0.9485085227270482,0.9507706496112721,0.8716349067032125,0.8371088689094118,0.9061609444970132
Volker_DSC01705_103_1212_1149_941.jpg,0.9479853315033077,0.9479853315033077,0.9732982237312068,0.9647216796873528,0.9741983215034855,0.9723997876904502,0.9732982187310987,0.924588845075364,0.9011923586474203,0.9479853315033077
Volker_DSC01706_58_458_1678_1398.jpg,0.8192377918492602,0.8192377918492602,0.9006384932411753,0.9290008544920458,0.8975526707806352,0.9037456072679764,0.900638488241042,0.8572768332895402,0.8953158747298202,0.8192377918492602
Volker_DSC01707_0_0_1824_2736.jpg,0.9089034376437206,0.9089034376437206,0.95227806678963,0.930572509765483,0.9471125761493476,0.9575002109168655,0.9522780617896789,0.8414868248348764,0.774070212026032,0.9089034376437206
Volker_DSC01708_146_565_1550_1877.jpg,0.8201154999116514,0.8201154999116514,0.90116863457452,0.8754730224608039,0.8929394259381558,0.9095509326029997,0.9011686295748356,0.7660180732992703,0.711920646686889,0.8201154999116514
Volker_DSC01708_14_25_1720_2189.jpg,0.8075307575439222,0.8075307575439222,0.8935181370204701,0.9014129638670499,0.8868387476687647,0.9002989040182995,0.8935181320206065,0.819699072953179,0.8318673883624358,0.8075307575439222
Volker_DSC01708_820_247_911_1098.jpg,0.7114293434203767,0.7114293434203767,0.8313861698766364,0.9022216796873623,0.831955342566311,0.8308177754400048,0.8313861648764198,0.7912971237588362,0.8711649040972956,0.7114293434203767
Volker_DSC01710_15_28_1388_1132.jpg,0.9470772034888207,0.9470772034888207,0.9728193641133742,0.9751892089842262,0.9730470840018147,0.9725917507851553,0.9728193591132118,0.9512267295229719,0.955376255557123,0.9470772034888207
